topic	word	pos	meaning_zh	chunk	chunk_zh	source_url	source_note	usage_note
教育与学习	curriculum	n.	课程体系；学校安排的学习内容	a broad curriculum	内容广泛的课程体系	https://www.oxfordlearnersdictionaries.com/topic/education	主题范围参考 Oxford/BC 公开主题页（2026-09-15 核对）；词形与本地 Oxford 3000/5000 索引一致。本条中文义项与短搭配为自行整理，不是词典释义或例句的逐条复制；词形核对不表示搭配频率验证或量化高频排名，不按目标分数删词。	
教育与学习	syllabus	n.	某门课程的教学大纲	follow the course syllabus	按照课程大纲学习	https://www.oxfordlearnersdictionaries.com/definition/english/syllabus	主题范围参考 Oxford/BC 公开主题页（2026-09-15 核对）；扩展词的拼写已与 Oxford 词典在线词头核对。本条中文义项与短搭配为自行整理，不是词典释义或例句的逐条复制；词形核对不表示搭配频率验证或量化高频排名，不按目标分数删词。	
教育与学习	literacy	n.	读写能力	develop literacy skills	培养读写能力	https://www.oxfordlearnersdictionaries.com/topic/education	主题范围参考 Oxford/BC 公开主题页（2026-09-15 核对）；词形与本地 Oxford 3000/5000 索引一致。本条中文义项与短搭配为自行整理，不是词典释义或例句的逐条复制；词形核对不表示搭配频率验证或量化高频排名，不按目标分数删词。	
教育与学习	numeracy	n.	基本计算及理解数字的能力	basic numeracy skills	基本计算能力	https://www.oxfordlearnersdictionaries.com/definition/english/numeracy	主题范围参考 Oxford/BC 公开主题页（2026-09-15 核对）；扩展词的拼写已与 Oxford 词典在线词头核对。本条中文义项与短搭配为自行整理，不是词典释义或例句的逐条复制；词形核对不表示搭配频率验证或量化高频排名，不按目标分数删词。	
教育与学习	tuition	n.	教学；此处 tuition fees 指学费	pay tuition fees	支付学费	https://www.oxfordlearnersdictionaries.com/topic/education	主题范围参考 Oxford/BC 公开主题页（2026-09-15 核对）；词形与本地 Oxford 3000/5000 索引一致。本条中文义项与短搭配为自行整理，不是词典释义或例句的逐条复制；词形核对不表示搭配频率验证或量化高频排名，不按目标分数删词。	
教育与学习	scholarship	n.	奖学金；另有学术研究义	apply for a scholarship	申请奖学金	https://www.oxfordlearnersdictionaries.com/topic/education	主题范围参考 Oxford/BC 公开主题页（2026-09-15 核对）；词形与本地 Oxford 3000/5000 索引一致。本条中文义项与短搭配为自行整理，不是词典释义或例句的逐条复制；词形核对不表示搭配频率验证或量化高频排名，不按目标分数删词。	
教育与学习	qualification	n.	通过学习或考试取得的资格	a teaching qualification	教师资格	https://www.oxfordlearnersdictionaries.com/topic/education	主题范围参考 Oxford/BC 公开主题页（2026-09-15 核对）；词形与本地 Oxford 3000/5000 索引一致。本条中文义项与短搭配为自行整理，不是词典释义或例句的逐条复制；词形核对不表示搭配频率验证或量化高频排名，不按目标分数删词。	
教育与学习	assessment	n.	对学习或表现的评估	continuous assessment	贯穿课程的持续评估	https://www.oxfordlearnersdictionaries.com/topic/education	主题范围参考 Oxford/BC 公开主题页（2026-09-15 核对）；词形与本地 Oxford 3000/5000 索引一致。本条中文义项与短搭配为自行整理，不是词典释义或例句的逐条复制；词形核对不表示搭配频率验证或量化高频排名，不按目标分数删词。	
教育与学习	assignment	n.	指定作业或任务	submit an assignment	提交作业	https://www.oxfordlearnersdictionaries.com/topic/education	主题范围参考 Oxford/BC 公开主题页（2026-09-15 核对）；词形与本地 Oxford 3000/5000 索引一致。本条中文义项与短搭配为自行整理，不是词典释义或例句的逐条复制；词形核对不表示搭配频率验证或量化高频排名，不按目标分数删词。	
教育与学习	lecture	n.	授课讲座；大学的大课	attend a lecture	听一场课或讲座	https://www.oxfordlearnersdictionaries.com/topic/education	主题范围参考 Oxford/BC 公开主题页（2026-09-15 核对）；词形与本地 Oxford 3000/5000 索引一致。本条中文义项与短搭配为自行整理，不是词典释义或例句的逐条复制；词形核对不表示搭配频率验证或量化高频排名，不按目标分数删词。	
教育与学习	seminar	n.	以讨论为主的研讨课	take part in a seminar	参加研讨课	https://www.oxfordlearnersdictionaries.com/topic/education	主题范围参考 Oxford/BC 公开主题页（2026-09-15 核对）；词形与本地 Oxford 3000/5000 索引一致。本条中文义项与短搭配为自行整理，不是词典释义或例句的逐条复制；词形核对不表示搭配频率验证或量化高频排名，不按目标分数删词。	
教育与学习	tutorial	n.	小组辅导课；也可指操作教程	a weekly tutorial	每周一次的辅导课	https://www.oxfordlearnersdictionaries.com/definition/english/tutorial_1	主题范围参考 Oxford/BC 公开主题页（2026-09-15 核对）；扩展词的拼写已与 Oxford 词典在线词头核对。本条中文义项与短搭配为自行整理，不是词典释义或例句的逐条复制；词形核对不表示搭配频率验证或量化高频排名，不按目标分数删词。	
教育与学习	attendance	n.	出席；到课情况	improve school attendance	改善到校出勤情况	https://www.oxfordlearnersdictionaries.com/topic/education	主题范围参考 Oxford/BC 公开主题页（2026-09-15 核对）；词形与本地 Oxford 3000/5000 索引一致。本条中文义项与短搭配为自行整理，不是词典释义或例句的逐条复制；词形核对不表示搭配频率验证或量化高频排名，不按目标分数删词。	
教育与学习	enrol	v.	报名参加课程；美式常作 enroll	enrol in a course	报名参加课程	https://www.oxfordlearnersdictionaries.com/topic/education	主题范围参考 Oxford/BC 公开主题页（2026-09-15 核对）；词形与本地 Oxford 3000/5000 索引一致。本条中文义项与短搭配为自行整理，不是词典释义或例句的逐条复制；词形核对不表示搭配频率验证或量化高频排名，不按目标分数删词。	
教育与学习	graduate	v.	毕业；此处不取毕业生的名词义	graduate from university	大学毕业	https://www.oxfordlearnersdictionaries.com/topic/education	主题范围参考 Oxford/BC 公开主题页（2026-09-15 核对）；词形与本地 Oxford 3000/5000 索引一致。本条中文义项与短搭配为自行整理，不是词典释义或例句的逐条复制；词形核对不表示搭配频率验证或量化高频排名，不按目标分数删词。	
教育与学习	revise	v.	复习（英式）；另有修改义	revise for an exam	为考试复习	https://www.oxfordlearnersdictionaries.com/topic/education	主题范围参考 Oxford/BC 公开主题页（2026-09-15 核对）；词形与本地 Oxford 3000/5000 索引一致。本条中文义项与短搭配为自行整理，不是词典释义或例句的逐条复制；词形核对不表示搭配频率验证或量化高频排名，不按目标分数删词。	
教育与学习	feedback	n.	对表现的反馈；通常不可数	receive useful feedback	获得有用的反馈	https://www.oxfordlearnersdictionaries.com/topic/education	主题范围参考 Oxford/BC 公开主题页（2026-09-15 核对）；词形与本地 Oxford 3000/5000 索引一致。本条中文义项与短搭配为自行整理，不是词典释义或例句的逐条复制；词形核对不表示搭配频率验证或量化高频排名，不按目标分数删词。	
教育与学习	compulsory	adj.	必须参加或完成的	compulsory education	义务教育	https://www.oxfordlearnersdictionaries.com/topic/education	主题范围参考 Oxford/BC 公开主题页（2026-09-15 核对）；词形与本地 Oxford 3000/5000 索引一致。本条中文义项与短搭配为自行整理，不是词典释义或例句的逐条复制；词形核对不表示搭配频率验证或量化高频排名，不按目标分数删词。	
教育与学习	vocational	adj.	与职业技能训练有关的	vocational training	职业培训	https://www.oxfordlearnersdictionaries.com/definition/english/vocational	主题范围参考 Oxford/BC 公开主题页（2026-09-15 核对）；扩展词的拼写已与 Oxford 词典在线词头核对。本条中文义项与短搭配为自行整理，不是词典释义或例句的逐条复制；词形核对不表示搭配频率验证或量化高频排名，不按目标分数删词。	
教育与学习	academic	adj.	与学校学习或学术有关的	academic performance	学业表现	https://www.oxfordlearnersdictionaries.com/topic/education	主题范围参考 Oxford/BC 公开主题页（2026-09-15 核对）；词形与本地 Oxford 3000/5000 索引一致。本条中文义项与短搭配为自行整理，不是词典释义或例句的逐条复制；词形核对不表示搭配频率验证或量化高频排名，不按目标分数删词。	
教育与学习	independent	adj.	能自主完成、不依赖他人的	independent learning	自主学习	https://www.oxfordlearnersdictionaries.com/topic/education	主题范围参考 Oxford/BC 公开主题页（2026-09-15 核对）；词形与本地 Oxford 3000/5000 索引一致。本条中文义项与短搭配为自行整理，不是词典释义或例句的逐条复制；词形核对不表示搭配频率验证或量化高频排名，不按目标分数删词。	
教育与学习	skill	n.	通过学习或练习掌握的技能	develop practical skills	培养实用技能	https://www.oxfordlearnersdictionaries.com/topic/education	主题范围参考 Oxford/BC 公开主题页（2026-09-15 核对）；词形与本地 Oxford 3000/5000 索引一致。本条中文义项与短搭配为自行整理，不是词典释义或例句的逐条复制；词形核对不表示搭配频率验证或量化高频排名，不按目标分数删词。	
教育与学习	knowledge	n.	对某领域的知识；通常不可数	gain subject knowledge	获得学科知识	https://www.oxfordlearnersdictionaries.com/topic/education	主题范围参考 Oxford/BC 公开主题页（2026-09-15 核对）；词形与本地 Oxford 3000/5000 索引一致。本条中文义项与短搭配为自行整理，不是词典释义或例句的逐条复制；词形核对不表示搭配频率验证或量化高频排名，不按目标分数删词。	
教育与学习	concentrate	v.	集中注意力	concentrate on a task	专注于一项任务	https://www.oxfordlearnersdictionaries.com/topic/education	主题范围参考 Oxford/BC 公开主题页（2026-09-15 核对）；词形与本地 Oxford 3000/5000 索引一致。本条中文义项与短搭配为自行整理，不是词典释义或例句的逐条复制；词形核对不表示搭配频率验证或量化高频排名，不按目标分数删词。	
教育与学习	understand	v.	理解意思或原因	understand a difficult concept	理解一个难懂的概念	https://www.oxfordlearnersdictionaries.com/topic/education	主题范围参考 Oxford/BC 公开主题页（2026-09-15 核对）；词形与本地 Oxford 3000/5000 索引一致。本条中文义项与短搭配为自行整理，不是词典释义或例句的逐条复制；词形核对不表示搭配频率验证或量化高频排名，不按目标分数删词。	
教育与学习	pupil	n.	在校学生；常用于中小学学生	primary school pupils	小学生	https://www.oxfordlearnersdictionaries.com/topic/education	沿用 Oxford/BC 公开主题分类作为覆盖范围依据；词形已与本地 Oxford 3000/5000 索引核对。中文义项与短搭配自行整理，不复制词典长释义或例句；不是按考试分数筛选的词表，也不是量化高频榜。	
教育与学习	tutor	n.	提供个别或小组指导的教师	a private tutor	私人辅导教师	https://www.oxfordlearnersdictionaries.com/topic/education	沿用 Oxford/BC 公开主题分类作为覆盖范围依据；扩展词，待在线词形核对。中文义项与短搭配自行整理，不复制词典长释义或例句；不是按考试分数筛选的词表，也不是量化高频榜。	
教育与学习	lecturer	n.	讲师；大学授课人员	a university lecturer	大学讲师	https://www.oxfordlearnersdictionaries.com/topic/education	沿用 Oxford/BC 公开主题分类作为覆盖范围依据；扩展词，待在线词形核对。中文义项与短搭配自行整理，不复制词典长释义或例句；不是按考试分数筛选的词表，也不是量化高频榜。	
教育与学习	professor	n.	教授；具体职衔范围随国家而异	a professor of history	历史学教授	https://www.oxfordlearnersdictionaries.com/topic/education	沿用 Oxford/BC 公开主题分类作为覆盖范围依据；词形已与本地 Oxford 3000/5000 索引核对。中文义项与短搭配自行整理，不复制词典长释义或例句；不是按考试分数筛选的词表，也不是量化高频榜。	
教育与学习	undergraduate	n.	攻读首个大学学位的学生	an undergraduate in biology	生物学本科生	https://www.oxfordlearnersdictionaries.com/topic/education	沿用 Oxford/BC 公开主题分类作为覆盖范围依据；词形已与本地 Oxford 3000/5000 索引核对。中文义项与短搭配自行整理，不复制词典长释义或例句；不是按考试分数筛选的词表，也不是量化高频榜。	
教育与学习	postgraduate	n.	完成本科学位后继续攻读学位的学生	a postgraduate in engineering	工程专业研究生	https://www.oxfordlearnersdictionaries.com/topic/education	沿用 Oxford/BC 公开主题分类作为覆盖范围依据；扩展词，待在线词形核对。中文义项与短搭配自行整理，不复制词典长释义或例句；不是按考试分数筛选的词表，也不是量化高频榜。	
教育与学习	diploma	n.	完成课程后获得的文凭	a diploma in accounting	会计专业文凭	https://www.oxfordlearnersdictionaries.com/topic/education	沿用 Oxford/BC 公开主题分类作为覆盖范围依据；扩展词，待在线词形核对。中文义项与短搭配自行整理，不复制词典长释义或例句；不是按考试分数筛选的词表，也不是量化高频榜。	
教育与学习	certificate	n.	证明完成学习、考试或具备资格的证书	a course completion certificate	课程结业证书	https://www.oxfordlearnersdictionaries.com/topic/education	沿用 Oxford/BC 公开主题分类作为覆盖范围依据；词形已与本地 Oxford 3000/5000 索引核对。中文义项与短搭配自行整理，不复制词典长释义或例句；不是按考试分数筛选的词表，也不是量化高频榜。	
教育与学习	dissertation	n.	为学位提交的较长研究论文	write a dissertation on language learning	撰写语言学习研究论文	https://www.oxfordlearnersdictionaries.com/topic/education	沿用 Oxford/BC 公开主题分类作为覆盖范围依据；扩展词，待在线词形核对。中文义项与短搭配自行整理，不复制词典长释义或例句；不是按考试分数筛选的词表，也不是量化高频榜。	与 thesis 的使用区别因国家和学位制度而异，不固定等同于硕士论文。
教育与学习	thesis	n.	为学位提出和论证研究成果的论文；另有论点义	submit a doctoral thesis	提交博士论文	https://www.oxfordlearnersdictionaries.com/topic/education	沿用 Oxford/BC 公开主题分类作为覆盖范围依据；词形已与本地 Oxford 3000/5000 索引核对。中文义项与短搭配自行整理，不复制词典长释义或例句；不是按考试分数筛选的词表，也不是量化高频榜。	不要把 thesis 一律限制为博士论文；复数为 theses。
教育与学习	essay	n.	围绕某一问题展开的短篇文章	write an analytical essay	撰写分析文章	https://www.oxfordlearnersdictionaries.com/topic/education	沿用 Oxford/BC 公开主题分类作为覆盖范围依据；词形已与本地 Oxford 3000/5000 索引核对。中文义项与短搭配自行整理，不复制词典长释义或例句；不是按考试分数筛选的词表，也不是量化高频榜。	
教育与学习	textbook	n.	用于系统学习某学科的课本	an introductory textbook	入门教材	https://www.oxfordlearnersdictionaries.com/topic/education	沿用 Oxford/BC 公开主题分类作为覆盖范围依据；词形已与本地 Oxford 3000/5000 索引核对。中文义项与短搭配自行整理，不复制词典长释义或例句；不是按考试分数筛选的词表，也不是量化高频榜。	
教育与学习	homework	n.	课后完成的作业；不可数	finish your homework	完成家庭作业	https://www.oxfordlearnersdictionaries.com/topic/education	沿用 Oxford/BC 公开主题分类作为覆盖范围依据；词形已与本地 Oxford 3000/5000 索引核对。中文义项与短搭配自行整理，不复制词典长释义或例句；不是按考试分数筛选的词表，也不是量化高频榜。	通常不说 a homework 或 homeworks；一项作业可说 a piece of homework。
教育与学习	revision	n.	英式：考前复习；另有修改义	do some revision for an exam	为考试做些复习	https://www.oxfordlearnersdictionaries.com/topic/education	沿用 Oxford/BC 公开主题分类作为覆盖范围依据；词形已与本地 Oxford 3000/5000 索引核对。中文义项与短搭配自行整理，不复制词典长释义或例句；不是按考试分数筛选的词表，也不是量化高频榜。	
教育与学习	examination	n.	正式考试；另有检查义	sit a written examination	参加笔试	https://www.oxfordlearnersdictionaries.com/topic/education	沿用 Oxford/BC 公开主题分类作为覆盖范围依据；词形已与本地 Oxford 3000/5000 索引核对。中文义项与短搭配自行整理，不复制词典长释义或例句；不是按考试分数筛选的词表，也不是量化高频榜。	
教育与学习	grade	n.	成绩等级；也可指年级	get a good grade in science	科学课取得好成绩	https://www.oxfordlearnersdictionaries.com/topic/education	沿用 Oxford/BC 公开主题分类作为覆盖范围依据；词形已与本地 Oxford 3000/5000 索引核对。中文义项与短搭配自行整理，不复制词典长释义或例句；不是按考试分数筛选的词表，也不是量化高频榜。	
教育与学习	mark	n.	题目或考试中获得的分数	get full marks	得到满分	https://www.oxfordlearnersdictionaries.com/topic/education	沿用 Oxford/BC 公开主题分类作为覆盖范围依据；词形已与本地 Oxford 3000/5000 索引核对。中文义项与短搭配自行整理，不复制词典长释义或例句；不是按考试分数筛选的词表，也不是量化高频榜。	此处 marks 指得分，不与表示成绩等级的 grade 完全等同。
教育与学习	pass	v.	通过考试或考核	pass a driving test	通过驾驶考试	https://www.oxfordlearnersdictionaries.com/topic/education	沿用 Oxford/BC 公开主题分类作为覆盖范围依据；词形已与本地 Oxford 3000/5000 索引核对。中文义项与短搭配自行整理，不复制词典长释义或例句；不是按考试分数筛选的词表，也不是量化高频榜。	
教育与学习	fail	v.	未通过考试或未能做到	fail an examination	考试未通过	https://www.oxfordlearnersdictionaries.com/topic/education	沿用 Oxford/BC 公开主题分类作为覆盖范围依据；词形已与本地 Oxford 3000/5000 索引核对。中文义项与短搭配自行整理，不复制词典长释义或例句；不是按考试分数筛选的词表，也不是量化高频榜。	fail an exam；表达未做到某事用 fail to do something。
教育与学习	dropout	n.	中途退出学校或课程的人	support school dropouts	帮助辍学者	https://www.oxfordlearnersdictionaries.com/topic/education	沿用 Oxford/BC 公开主题分类作为覆盖范围依据；扩展词，待在线词形核对。中文义项与短搭配自行整理，不复制词典长释义或例句；不是按考试分数筛选的词表，也不是量化高频榜。	名词为 dropout；动词结构为 drop out of a course。
教育与学习	admission	n.	获准进入学校等的资格或过程	apply for admission to university	申请大学入学	https://www.oxfordlearnersdictionaries.com/topic/education	沿用 Oxford/BC 公开主题分类作为覆盖范围依据；词形已与本地 Oxford 3000/5000 索引核对。中文义项与短搭配自行整理，不复制词典长释义或例句；不是按考试分数筛选的词表，也不是量化高频榜。	
教育与学习	bursary	n.	为学习费用提供的助学金	receive a bursary	获得助学金	https://www.oxfordlearnersdictionaries.com/topic/education	沿用 Oxford/BC 公开主题分类作为覆盖范围依据；扩展词，待在线词形核对。中文义项与短搭配自行整理，不复制词典长释义或例句；不是按考试分数筛选的词表，也不是量化高频榜。	
教育与学习	apprenticeship	n.	通过受雇工作与学习掌握手艺或职业的培训	complete an apprenticeship	完成学徒培训	https://www.oxfordlearnersdictionaries.com/topic/education	沿用 Oxford/BC 公开主题分类作为覆盖范围依据；扩展词，待在线词形核对。中文义项与短搭配自行整理，不复制词典长释义或例句；不是按考试分数筛选的词表，也不是量化高频榜。	
教育与学习	memorise	v.	把信息记住；美式也常作 memorize	memorise a short passage	记住一段短文	https://www.oxfordlearnersdictionaries.com/topic/education	沿用 Oxford/BC 公开主题分类作为覆盖范围依据；扩展词，待在线词形核对。中文义项与短搭配自行整理，不复制词典长释义或例句；不是按考试分数筛选的词表，也不是量化高频榜。	能记住原文不等于能理解或在新情境中使用。
教育与学习	comprehension	n.	理解文字、语言或概念的能力	reading comprehension	阅读理解	https://www.oxfordlearnersdictionaries.com/topic/education	沿用 Oxford/BC 公开主题分类作为覆盖范围依据；扩展词，待在线词形核对。中文义项与短搭配自行整理，不复制词典长释义或例句；不是按考试分数筛选的词表，也不是量化高频榜。	
工作与职业	employee	n.	受雇的员工	train new employees	培训新员工	https://www.oxfordlearnersdictionaries.com/topic/category/work-and-business	主题范围参考 Oxford/BC 公开主题页（2026-09-15 核对）；词形与本地 Oxford 3000/5000 索引一致。本条中文义项与短搭配为自行整理，不是词典释义或例句的逐条复制；词形核对不表示搭配频率验证或量化高频排名，不按目标分数删词。	
工作与职业	employer	n.	雇主；雇用他人的机构或个人	a potential employer	可能录用自己的雇主	https://www.oxfordlearnersdictionaries.com/topic/category/work-and-business	主题范围参考 Oxford/BC 公开主题页（2026-09-15 核对）；词形与本地 Oxford 3000/5000 索引一致。本条中文义项与短搭配为自行整理，不是词典释义或例句的逐条复制；词形核对不表示搭配频率验证或量化高频排名，不按目标分数删词。	
工作与职业	colleague	n.	同事	work with colleagues	与同事合作	https://www.oxfordlearnersdictionaries.com/topic/category/work-and-business	主题范围参考 Oxford/BC 公开主题页（2026-09-15 核对）；词形与本地 Oxford 3000/5000 索引一致。本条中文义项与短搭配为自行整理，不是词典释义或例句的逐条复制；词形核对不表示搭配频率验证或量化高频排名，不按目标分数删词。	
工作与职业	occupation	n.	职业；此处不取占领义	state your occupation	填写或说明职业	https://www.oxfordlearnersdictionaries.com/topic/category/work-and-business	主题范围参考 Oxford/BC 公开主题页（2026-09-15 核对）；词形与本地 Oxford 3000/5000 索引一致。本条中文义项与短搭配为自行整理，不是词典释义或例句的逐条复制；词形核对不表示搭配频率验证或量化高频排名，不按目标分数删词。	
工作与职业	career	n.	职业生涯；长期的职业发展	pursue a career in teaching	从事教育职业	https://www.oxfordlearnersdictionaries.com/topic/category/work-and-business	主题范围参考 Oxford/BC 公开主题页（2026-09-15 核对）；词形与本地 Oxford 3000/5000 索引一致。本条中文义项与短搭配为自行整理，不是词典释义或例句的逐条复制；词形核对不表示搭配频率验证或量化高频排名，不按目标分数删词。	
工作与职业	recruit	v.	招聘或招募	recruit skilled workers	招聘技术工人	https://www.oxfordlearnersdictionaries.com/topic/category/work-and-business	主题范围参考 Oxford/BC 公开主题页（2026-09-15 核对）；词形与本地 Oxford 3000/5000 索引一致。本条中文义项与短搭配为自行整理，不是词典释义或例句的逐条复制；词形核对不表示搭配频率验证或量化高频排名，不按目标分数删词。	
工作与职业	applicant	n.	申请人；此处为求职者	interview job applicants	面试求职者	https://www.oxfordlearnersdictionaries.com/topic/category/work-and-business	主题范围参考 Oxford/BC 公开主题页（2026-09-15 核对）；词形与本地 Oxford 3000/5000 索引一致。本条中文义项与短搭配为自行整理，不是词典释义或例句的逐条复制；词形核对不表示搭配频率验证或量化高频排名，不按目标分数删词。	
工作与职业	interview	n.	面试；另有访谈义	prepare for a job interview	准备求职面试	https://www.oxfordlearnersdictionaries.com/topic/category/work-and-business	主题范围参考 Oxford/BC 公开主题页（2026-09-15 核对）；词形与本地 Oxford 3000/5000 索引一致。本条中文义项与短搭配为自行整理，不是词典释义或例句的逐条复制；词形核对不表示搭配频率验证或量化高频排名，不按目标分数删词。	
工作与职业	contract	n.	合同	sign an employment contract	签订劳动合同	https://www.oxfordlearnersdictionaries.com/topic/category/work-and-business	主题范围参考 Oxford/BC 公开主题页（2026-09-15 核对）；词形与本地 Oxford 3000/5000 索引一致。本条中文义项与短搭配为自行整理，不是词典释义或例句的逐条复制；词形核对不表示搭配频率验证或量化高频排名，不按目标分数删词。	
工作与职业	salary	n.	通常按月发放的固定薪金	an annual salary	年薪	https://www.oxfordlearnersdictionaries.com/topic/category/work-and-business	主题范围参考 Oxford/BC 公开主题页（2026-09-15 核对）；词形与本地 Oxford 3000/5000 索引一致。本条中文义项与短搭配为自行整理，不是词典释义或例句的逐条复制；词形核对不表示搭配频率验证或量化高频排名，不按目标分数删词。	
工作与职业	wage	n.	工资；常用于按小时或周计酬	earn an hourly wage	按小时领取工资	https://www.oxfordlearnersdictionaries.com/topic/category/work-and-business	主题范围参考 Oxford/BC 公开主题页（2026-09-15 核对）；词形与本地 Oxford 3000/5000 索引一致。本条中文义项与短搭配为自行整理，不是词典释义或例句的逐条复制；词形核对不表示搭配频率验证或量化高频排名，不按目标分数删词。	
工作与职业	promotion	n.	职位晋升；另有促销义	apply for promotion	申请晋升	https://www.oxfordlearnersdictionaries.com/topic/category/work-and-business	主题范围参考 Oxford/BC 公开主题页（2026-09-15 核对）；词形与本地 Oxford 3000/5000 索引一致。本条中文义项与短搭配为自行整理，不是词典释义或例句的逐条复制；词形核对不表示搭配频率验证或量化高频排名，不按目标分数删词。	
工作与职业	resign	v.	辞职	resign from a job	辞去工作	https://www.oxfordlearnersdictionaries.com/topic/category/work-and-business	主题范围参考 Oxford/BC 公开主题页（2026-09-15 核对）；词形与本地 Oxford 3000/5000 索引一致。本条中文义项与短搭配为自行整理，不是词典释义或例句的逐条复制；词形核对不表示搭配频率验证或量化高频排名，不按目标分数删词。	
工作与职业	retire	v.	退休	retire from full-time work	从全职岗位退休	https://www.oxfordlearnersdictionaries.com/topic/category/work-and-business	主题范围参考 Oxford/BC 公开主题页（2026-09-15 核对）；词形与本地 Oxford 3000/5000 索引一致。本条中文义项与短搭配为自行整理，不是词典释义或例句的逐条复制；词形核对不表示搭配频率验证或量化高频排名，不按目标分数删词。	
工作与职业	unemployment	n.	失业；失业状况	reduce unemployment	减少失业	https://www.oxfordlearnersdictionaries.com/topic/category/work-and-business	主题范围参考 Oxford/BC 公开主题页（2026-09-15 核对）；词形与本地 Oxford 3000/5000 索引一致。本条中文义项与短搭配为自行整理，不是词典释义或例句的逐条复制；词形核对不表示搭配频率验证或量化高频排名，不按目标分数删词。	
工作与职业	workload	n.	需要完成的工作量	manage a heavy workload	应对繁重的工作量	https://www.oxfordlearnersdictionaries.com/definition/english/workload	主题范围参考 Oxford/BC 公开主题页（2026-09-15 核对）；扩展词的拼写已与 Oxford 词典在线词头核对。本条中文义项与短搭配为自行整理，不是词典释义或例句的逐条复制；词形核对不表示搭配频率验证或量化高频排名，不按目标分数删词。	
工作与职业	deadline	n.	完成或提交的最后期限	meet a deadline	在截止期限前完成	https://www.oxfordlearnersdictionaries.com/topic/category/work-and-business	主题范围参考 Oxford/BC 公开主题页（2026-09-15 核对）；词形与本地 Oxford 3000/5000 索引一致。本条中文义项与短搭配为自行整理，不是词典释义或例句的逐条复制；词形核对不表示搭配频率验证或量化高频排名，不按目标分数删词。	
工作与职业	shift	n.	轮班的一班；此处不取变化义	work a night shift	上夜班	https://www.oxfordlearnersdictionaries.com/topic/category/work-and-business	主题范围参考 Oxford/BC 公开主题页（2026-09-15 核对）；词形与本地 Oxford 3000/5000 索引一致。本条中文义项与短搭配为自行整理，不是词典释义或例句的逐条复制；词形核对不表示搭配频率验证或量化高频排名，不按目标分数删词。	
工作与职业	overtime	n.	超出正常工时的加班	work overtime	加班	https://www.oxfordlearnersdictionaries.com/definition/english/overtime	主题范围参考 Oxford/BC 公开主题页（2026-09-15 核对）；扩展词的拼写已与 Oxford 词典在线词头核对。本条中文义项与短搭配为自行整理，不是词典释义或例句的逐条复制；词形核对不表示搭配频率验证或量化高频排名，不按目标分数删词。	
工作与职业	flexible	adj.	可按需要调整的	flexible working hours	弹性工作时间	https://www.oxfordlearnersdictionaries.com/topic/category/work-and-business	主题范围参考 Oxford/BC 公开主题页（2026-09-15 核对）；词形与本地 Oxford 3000/5000 索引一致。本条中文义项与短搭配为自行整理，不是词典释义或例句的逐条复制；词形核对不表示搭配频率验证或量化高频排名，不按目标分数删词。	
工作与职业	productive	adj.	能有效完成工作、产出成果的	a productive meeting	有实际成果的会议	https://www.oxfordlearnersdictionaries.com/topic/category/work-and-business	主题范围参考 Oxford/BC 公开主题页（2026-09-15 核对）；词形与本地 Oxford 3000/5000 索引一致。本条中文义项与短搭配为自行整理，不是词典释义或例句的逐条复制；词形核对不表示搭配频率验证或量化高频排名，不按目标分数删词。	
工作与职业	responsibility	n.	承担的职责或责任	take responsibility for a project	负责一个项目	https://www.oxfordlearnersdictionaries.com/topic/category/work-and-business	主题范围参考 Oxford/BC 公开主题页（2026-09-15 核对）；词形与本地 Oxford 3000/5000 索引一致。本条中文义项与短搭配为自行整理，不是词典释义或例句的逐条复制；词形核对不表示搭配频率验证或量化高频排名，不按目标分数删词。	
工作与职业	experience	n.	实践积累的经验；此义通常不可数	gain work experience	积累工作经验	https://www.oxfordlearnersdictionaries.com/topic/category/work-and-business	主题范围参考 Oxford/BC 公开主题页（2026-09-15 核对）；词形与本地 Oxford 3000/5000 索引一致。本条中文义项与短搭配为自行整理，不是词典释义或例句的逐条复制；词形核对不表示搭配频率验证或量化高频排名，不按目标分数删词。	
工作与职业	collaborate	v.	共同完成工作	collaborate with another team	与另一团队合作	https://www.oxfordlearnersdictionaries.com/topic/category/work-and-business	主题范围参考 Oxford/BC 公开主题页（2026-09-15 核对）；词形与本地 Oxford 3000/5000 索引一致。本条中文义项与短搭配为自行整理，不是词典释义或例句的逐条复制；词形核对不表示搭配频率验证或量化高频排名，不按目标分数删词。	
工作与职业	negotiate	v.	通过协商争取达成约定	negotiate a pay rise	协商加薪	https://www.oxfordlearnersdictionaries.com/topic/category/work-and-business	主题范围参考 Oxford/BC 公开主题页（2026-09-15 核对）；词形与本地 Oxford 3000/5000 索引一致。本条中文义项与短搭配为自行整理，不是词典释义或例句的逐条复制；词形核对不表示搭配频率验证或量化高频排名，不按目标分数删词。	
工作与职业	vacancy	n.	尚无人担任的职位	advertise a job vacancy	发布职位空缺信息	https://www.oxfordlearnersdictionaries.com/topic/category/work-and-business	沿用 Oxford/BC 公开主题分类作为覆盖范围依据；扩展词，待在线词形核对。中文义项与短搭配自行整理，不复制词典长释义或例句；不是按考试分数筛选的词表，也不是量化高频榜。	
工作与职业	candidate	n.	被考虑录用或选任的人	shortlist suitable candidates	将合适候选人列入入围名单	https://www.oxfordlearnersdictionaries.com/topic/category/work-and-business	沿用 Oxford/BC 公开主题分类作为覆盖范围依据；词形已与本地 Oxford 3000/5000 索引核对。中文义项与短搭配自行整理，不复制词典长释义或例句；不是按考试分数筛选的词表，也不是量化高频榜。	
工作与职业	probation	n.	正式确认任用前的试用；另有缓刑义	be on probation at work	处于工作试用期	https://www.oxfordlearnersdictionaries.com/topic/category/work-and-business	沿用 Oxford/BC 公开主题分类作为覆盖范围依据；扩展词，待在线词形核对。中文义项与短搭配自行整理，不复制词典长释义或例句；不是按考试分数筛选的词表，也不是量化高频榜。	
工作与职业	internship	n.	为获得工作经验而参加的实习	complete a summer internship	完成暑期实习	https://www.oxfordlearnersdictionaries.com/topic/category/work-and-business	沿用 Oxford/BC 公开主题分类作为覆盖范围依据；扩展词，待在线词形核对。中文义项与短搭配自行整理，不复制词典长释义或例句；不是按考试分数筛选的词表，也不是量化高频榜。	
工作与职业	apprentice	n.	通过工作实践学习职业的学徒	employ an apprentice	雇用一名学徒	https://www.oxfordlearnersdictionaries.com/topic/category/work-and-business	沿用 Oxford/BC 公开主题分类作为覆盖范围依据；扩展词，待在线词形核对。中文义项与短搭配自行整理，不复制词典长释义或例句；不是按考试分数筛选的词表，也不是量化高频榜。	
工作与职业	profession	n.	通常需要专门教育或训练的职业	enter the teaching profession	进入教师行业	https://www.oxfordlearnersdictionaries.com/topic/category/work-and-business	沿用 Oxford/BC 公开主题分类作为覆盖范围依据；词形已与本地 Oxford 3000/5000 索引核对。中文义项与短搭配自行整理，不复制词典长释义或例句；不是按考试分数筛选的词表，也不是量化高频榜。	
工作与职业	industry	n.	某种产业或行业；另有工业总称义	work in the tourism industry	在旅游行业工作	https://www.oxfordlearnersdictionaries.com/topic/category/work-and-business	沿用 Oxford/BC 公开主题分类作为覆盖范围依据；词形已与本地 Oxford 3000/5000 索引核对。中文义项与短搭配自行整理，不复制词典长释义或例句；不是按考试分数筛选的词表，也不是量化高频榜。	
工作与职业	sector	n.	经济或社会活动中的一个部门	employment in the public sector	公共部门就业	https://www.oxfordlearnersdictionaries.com/topic/category/work-and-business	沿用 Oxford/BC 公开主题分类作为覆盖范围依据；词形已与本地 Oxford 3000/5000 索引核对。中文义项与短搭配自行整理，不复制词典长释义或例句；不是按考试分数筛选的词表，也不是量化高频榜。	
工作与职业	staff	n.	某机构全体工作人员	train new members of staff	培训新员工	https://www.oxfordlearnersdictionaries.com/topic/category/work-and-business	沿用 Oxford/BC 公开主题分类作为覆盖范围依据；词形已与本地 Oxford 3000/5000 索引核对。中文义项与短搭配自行整理，不复制词典长释义或例句；不是按考试分数筛选的词表，也不是量化高频榜。	指一名员工时可说 a member of staff，不说 a staff。
工作与职业	workforce	n.	一个组织、行业或地区的全体劳动力	a skilled workforce	具备技能的劳动力队伍	https://www.oxfordlearnersdictionaries.com/topic/category/work-and-business	沿用 Oxford/BC 公开主题分类作为覆盖范围依据；词形已与本地 Oxford 3000/5000 索引核对。中文义项与短搭配自行整理，不复制词典长释义或例句；不是按考试分数筛选的词表，也不是量化高频榜。	
工作与职业	personnel	n.	机构的人员；也可涉及人事事务	recruit technical personnel	招聘技术人员	https://www.oxfordlearnersdictionaries.com/topic/category/work-and-business	沿用 Oxford/BC 公开主题分类作为覆盖范围依据；词形已与本地 Oxford 3000/5000 索引核对。中文义项与短搭配自行整理，不复制词典长释义或例句；不是按考试分数筛选的词表，也不是量化高频榜。	personnel 表示人员；personal 是个人的，二者不同。
工作与职业	payroll	n.	发薪名册或薪资记录	be on the company payroll	列入公司的发薪名册	https://www.oxfordlearnersdictionaries.com/topic/category/work-and-business	沿用 Oxford/BC 公开主题分类作为覆盖范围依据；扩展词，待在线词形核对。中文义项与短搭配自行整理，不复制词典长释义或例句；不是按考试分数筛选的词表，也不是量化高频榜。	
工作与职业	bonus	n.	固定报酬之外的奖金	receive an annual bonus	获得年度奖金	https://www.oxfordlearnersdictionaries.com/topic/category/work-and-business	沿用 Oxford/BC 公开主题分类作为覆盖范围依据；词形已与本地 Oxford 3000/5000 索引核对。中文义项与短搭配自行整理，不复制词典长释义或例句；不是按考试分数筛选的词表，也不是量化高频榜。	
工作与职业	pension	n.	退休后定期领取的养老金	contribute to a pension scheme	向养老金计划缴费	https://www.oxfordlearnersdictionaries.com/topic/category/work-and-business	沿用 Oxford/BC 公开主题分类作为覆盖范围依据；词形已与本地 Oxford 3000/5000 索引核对。中文义项与短搭配自行整理，不复制词典长释义或例句；不是按考试分数筛选的词表，也不是量化高频榜。	
工作与职业	leave	n.	获准离开工作的休假时间	take parental leave	休育儿假	https://www.oxfordlearnersdictionaries.com/topic/category/work-and-business	沿用 Oxford/BC 公开主题分类作为覆盖范围依据；词形已与本地 Oxford 3000/5000 索引核对。中文义项与短搭配自行整理，不复制词典长释义或例句；不是按考试分数筛选的词表，也不是量化高频榜。	此义通常不可数；不同于 leave 表示离开的动词义。
工作与职业	redundancy	n.	岗位不再需要导致的裁员；英式用法	receive redundancy pay	领取裁员补偿	https://www.oxfordlearnersdictionaries.com/topic/category/work-and-business	沿用 Oxford/BC 公开主题分类作为覆盖范围依据；扩展词，待在线词形核对。中文义项与短搭配自行整理，不复制词典长释义或例句；不是按考试分数筛选的词表，也不是量化高频榜。	
工作与职业	dismiss	v.	解除某人的工作职务；另有不予考虑义	dismiss an employee	解雇员工	https://www.oxfordlearnersdictionaries.com/topic/category/work-and-business	沿用 Oxford/BC 公开主题分类作为覆盖范围依据；词形已与本地 Oxford 3000/5000 索引核对。中文义项与短搭配自行整理，不复制词典长释义或例句；不是按考试分数筛选的词表，也不是量化高频榜。	dismiss someone from a job；辞职是员工主动 resign。
工作与职业	part-time	adj.	工作或学习时间少于通常全时安排的	a part-time position	兼职或非全职岗位	https://www.oxfordlearnersdictionaries.com/topic/category/work-and-business	沿用 Oxford/BC 公开主题分类作为覆盖范围依据；词形已与本地 Oxford 3000/5000 索引核对。中文义项与短搭配自行整理，不复制词典长释义或例句；不是按考试分数筛选的词表，也不是量化高频榜。	
工作与职业	full-time	adj.	按正常全部工作或学习时间安排的	a full-time job	全职工作	https://www.oxfordlearnersdictionaries.com/topic/category/work-and-business	沿用 Oxford/BC 公开主题分类作为覆盖范围依据；词形已与本地 Oxford 3000/5000 索引核对。中文义项与短搭配自行整理，不复制词典长释义或例句；不是按考试分数筛选的词表，也不是量化高频榜。	
工作与职业	supervise	v.	负责查看、指导他人的工作	supervise a small team	监督指导一个小团队	https://www.oxfordlearnersdictionaries.com/topic/category/work-and-business	沿用 Oxford/BC 公开主题分类作为覆盖范围依据；词形已与本地 Oxford 3000/5000 索引核对。中文义项与短搭配自行整理，不复制词典长释义或例句；不是按考试分数筛选的词表，也不是量化高频榜。	
工作与职业	delegate	v.	将具体任务或权限交给他人	delegate tasks to colleagues	把任务交给同事负责	https://www.oxfordlearnersdictionaries.com/topic/category/work-and-business	沿用 Oxford/BC 公开主题分类作为覆盖范围依据；词形已与本地 Oxford 3000/5000 索引核对。中文义项与短搭配自行整理，不复制词典长释义或例句；不是按考试分数筛选的词表，也不是量化高频榜。	
工作与职业	appraisal	n.	对工作表现或价值的正式评估	an annual performance appraisal	年度绩效评估	https://www.oxfordlearnersdictionaries.com/topic/category/work-and-business	沿用 Oxford/BC 公开主题分类作为覆盖范围依据；扩展词，待在线词形核对。中文义项与短搭配自行整理，不复制词典长释义或例句；不是按考试分数筛选的词表，也不是量化高频榜。	
工作与职业	incentive	n.	促使人采取行动的诱因或奖励	an incentive to improve performance	改善表现的激励	https://www.oxfordlearnersdictionaries.com/topic/category/work-and-business	沿用 Oxford/BC 公开主题分类作为覆盖范围依据；词形已与本地 Oxford 3000/5000 索引核对。中文义项与短搭配自行整理，不复制词典长释义或例句；不是按考试分数筛选的词表，也不是量化高频榜。	
工作与职业	motivation	n.	采取行动和持续努力的动力	maintain motivation at work	保持工作动力	https://www.oxfordlearnersdictionaries.com/topic/category/work-and-business	沿用 Oxford/BC 公开主题分类作为覆盖范围依据；词形已与本地 Oxford 3000/5000 索引核对。中文义项与短搭配自行整理，不复制词典长释义或例句；不是按考试分数筛选的词表，也不是量化高频榜。	
工作与职业	teamwork	n.	团队成员协同完成工作的过程	effective teamwork	有效的团队合作	https://www.oxfordlearnersdictionaries.com/topic/category/work-and-business	沿用 Oxford/BC 公开主题分类作为覆盖范围依据；扩展词，待在线词形核对。中文义项与短搭配自行整理，不复制词典长释义或例句；不是按考试分数筛选的词表，也不是量化高频榜。	
环境与自然	pollution	n.	环境受到有害物质或活动影响	reduce air pollution	减少空气污染	https://www.oxfordlearnersdictionaries.com/topic/category/the-natural-world	主题范围参考 Oxford/BC 公开主题页（2026-09-15 核对）；词形与本地 Oxford 3000/5000 索引一致。本条中文义项与短搭配为自行整理，不是词典释义或例句的逐条复制；词形核对不表示搭配频率验证或量化高频排名，不按目标分数删词。	
环境与自然	emission	n.	气体等的排放；此义常用复数	cut carbon emissions	减少碳排放	https://www.oxfordlearnersdictionaries.com/topic/category/the-natural-world	主题范围参考 Oxford/BC 公开主题页（2026-09-15 核对）；词形与本地 Oxford 3000/5000 索引一致。本条中文义项与短搭配为自行整理，不是词典释义或例句的逐条复制；词形核对不表示搭配频率验证或量化高频排名，不按目标分数删词。	
环境与自然	waste	n.	废弃物；另有浪费义	reduce household waste	减少家庭垃圾	https://www.oxfordlearnersdictionaries.com/topic/category/the-natural-world	主题范围参考 Oxford/BC 公开主题页（2026-09-15 核对）；词形与本地 Oxford 3000/5000 索引一致。本条中文义项与短搭配为自行整理，不是词典释义或例句的逐条复制；词形核对不表示搭配频率验证或量化高频排名，不按目标分数删词。	
环境与自然	recycle	v.	回收材料并重新利用	recycle plastic bottles	回收塑料瓶	https://www.oxfordlearnersdictionaries.com/topic/category/the-natural-world	主题范围参考 Oxford/BC 公开主题页（2026-09-15 核对）；词形与本地 Oxford 3000/5000 索引一致。本条中文义项与短搭配为自行整理，不是词典释义或例句的逐条复制；词形核对不表示搭配频率验证或量化高频排名，不按目标分数删词。	
环境与自然	reuse	v.	再次使用原有物品	reuse shopping bags	重复使用购物袋	https://www.oxfordlearnersdictionaries.com/definition/english/reuse_1	主题范围参考 Oxford/BC 公开主题页（2026-09-15 核对）；扩展词的拼写已与 Oxford 词典在线词头核对。本条中文义项与短搭配为自行整理，不是词典释义或例句的逐条复制；词形核对不表示搭配频率验证或量化高频排名，不按目标分数删词。	
环境与自然	conserve	v.	保护或节约资源	conserve water	节约用水	https://www.oxfordlearnersdictionaries.com/topic/category/the-natural-world	主题范围参考 Oxford/BC 公开主题页（2026-09-15 核对）；词形与本地 Oxford 3000/5000 索引一致。本条中文义项与短搭配为自行整理，不是词典释义或例句的逐条复制；词形核对不表示搭配频率验证或量化高频排名，不按目标分数删词。	
环境与自然	habitat	n.	动植物自然生活的环境	protect natural habitats	保护自然栖息地	https://www.oxfordlearnersdictionaries.com/topic/category/the-natural-world	主题范围参考 Oxford/BC 公开主题页（2026-09-15 核对）；词形与本地 Oxford 3000/5000 索引一致。本条中文义项与短搭配为自行整理，不是词典释义或例句的逐条复制；词形核对不表示搭配频率验证或量化高频排名，不按目标分数删词。	
环境与自然	species	n.	物种；单复数同形	an endangered species	一种濒危物种	https://www.oxfordlearnersdictionaries.com/topic/category/the-natural-world	主题范围参考 Oxford/BC 公开主题页（2026-09-15 核对）；词形与本地 Oxford 3000/5000 索引一致。本条中文义项与短搭配为自行整理，不是词典释义或例句的逐条复制；词形核对不表示搭配频率验证或量化高频排名，不按目标分数删词。	
环境与自然	biodiversity	n.	生物种类等方面的多样性	preserve biodiversity	保护生物多样性	https://www.oxfordlearnersdictionaries.com/definition/english/biodiversity	主题范围参考 Oxford/BC 公开主题页（2026-09-15 核对）；扩展词的拼写已与 Oxford 词典在线词头核对。本条中文义项与短搭配为自行整理，不是词典释义或例句的逐条复制；词形核对不表示搭配频率验证或量化高频排名，不按目标分数删词。	
环境与自然	ecosystem	n.	生物与环境相互作用的生态系统	a fragile ecosystem	脆弱的生态系统	https://www.oxfordlearnersdictionaries.com/definition/english/ecosystem	主题范围参考 Oxford/BC 公开主题页（2026-09-15 核对）；扩展词的拼写已与 Oxford 词典在线词头核对。本条中文义项与短搭配为自行整理，不是词典释义或例句的逐条复制；词形核对不表示搭配频率验证或量化高频排名，不按目标分数删词。	
环境与自然	extinction	n.	物种灭绝	face the threat of extinction	面临灭绝威胁	https://www.oxfordlearnersdictionaries.com/definition/english/extinction	主题范围参考 Oxford/BC 公开主题页（2026-09-15 核对）；扩展词的拼写已与 Oxford 词典在线词头核对。本条中文义项与短搭配为自行整理，不是词典释义或例句的逐条复制；词形核对不表示搭配频率验证或量化高频排名，不按目标分数删词。	
环境与自然	deforestation	n.	森林被大面积砍伐或清除	prevent further deforestation	防止进一步毁林	https://www.oxfordlearnersdictionaries.com/definition/english/deforestation	主题范围参考 Oxford/BC 公开主题页（2026-09-15 核对）；扩展词的拼写已与 Oxford 词典在线词头核对。本条中文义项与短搭配为自行整理，不是词典释义或例句的逐条复制；词形核对不表示搭配频率验证或量化高频排名，不按目标分数删词。	
环境与自然	renewable	adj.	可通过自然过程不断补充的	renewable energy sources	可再生能源	https://www.oxfordlearnersdictionaries.com/definition/english/renewable	主题范围参考 Oxford/BC 公开主题页（2026-09-15 核对）；扩展词的拼写已与 Oxford 词典在线词头核对。本条中文义项与短搭配为自行整理，不是词典释义或例句的逐条复制；词形核对不表示搭配频率验证或量化高频排名，不按目标分数删词。	
环境与自然	sustainable	adj.	能够长期维持的；不只指环保	sustainable resource use	可持续的资源利用	https://www.oxfordlearnersdictionaries.com/topic/category/the-natural-world	主题范围参考 Oxford/BC 公开主题页（2026-09-15 核对）；词形与本地 Oxford 3000/5000 索引一致。本条中文义项与短搭配为自行整理，不是词典释义或例句的逐条复制；词形核对不表示搭配频率验证或量化高频排名，不按目标分数删词。	
环境与自然	fossil fuel	n.	煤、石油等化石燃料	depend on fossil fuels	依赖化石燃料	https://www.oxfordlearnersdictionaries.com/definition/english/fossil-fuel	主题范围参考 Oxford/BC 公开主题页（2026-09-15 核对）；扩展词的拼写已与 Oxford 词典在线词头核对。本条中文义项与短搭配为自行整理，不是词典释义或例句的逐条复制；词形核对不表示搭配频率验证或量化高频排名，不按目标分数删词。	
环境与自然	drought	n.	长期缺雨造成的干旱	a prolonged drought	持续很久的干旱	https://www.oxfordlearnersdictionaries.com/topic/category/the-natural-world	主题范围参考 Oxford/BC 公开主题页（2026-09-15 核对）；词形与本地 Oxford 3000/5000 索引一致。本条中文义项与短搭配为自行整理，不是词典释义或例句的逐条复制；词形核对不表示搭配频率验证或量化高频排名，不按目标分数删词。	
环境与自然	flood	n.	洪水；也可作淹没的动词	a severe flood	严重洪灾	https://www.oxfordlearnersdictionaries.com/topic/category/the-natural-world	主题范围参考 Oxford/BC 公开主题页（2026-09-15 核对）；词形与本地 Oxford 3000/5000 索引一致。本条中文义项与短搭配为自行整理，不是词典释义或例句的逐条复制；词形核对不表示搭配频率验证或量化高频排名，不按目标分数删词。	
环境与自然	soil	n.	土壤	improve soil quality	改善土壤质量	https://www.oxfordlearnersdictionaries.com/topic/category/the-natural-world	主题范围参考 Oxford/BC 公开主题页（2026-09-15 核对）；词形与本地 Oxford 3000/5000 索引一致。本条中文义项与短搭配为自行整理，不是词典释义或例句的逐条复制；词形核对不表示搭配频率验证或量化高频排名，不按目标分数删词。	
环境与自然	erosion	n.	土壤或岩石逐渐被冲走、磨损	prevent soil erosion	防止土壤侵蚀	https://www.oxfordlearnersdictionaries.com/definition/english/erosion	主题范围参考 Oxford/BC 公开主题页（2026-09-15 核对）；扩展词的拼写已与 Oxford 词典在线词头核对。本条中文义项与短搭配为自行整理，不是词典释义或例句的逐条复制；词形核对不表示搭配频率验证或量化高频排名，不按目标分数删词。	
环境与自然	climate	n.	一地长期的气候特征	a changing climate	正在变化的气候	https://www.oxfordlearnersdictionaries.com/topic/category/the-natural-world	主题范围参考 Oxford/BC 公开主题页（2026-09-15 核对）；词形与本地 Oxford 3000/5000 索引一致。本条中文义项与短搭配为自行整理，不是词典释义或例句的逐条复制；词形核对不表示搭配频率验证或量化高频排名，不按目标分数删词。	
环境与自然	resource	n.	可利用的自然资源等	limited natural resources	有限的自然资源	https://www.oxfordlearnersdictionaries.com/topic/category/the-natural-world	主题范围参考 Oxford/BC 公开主题页（2026-09-15 核对）；词形与本地 Oxford 3000/5000 索引一致。本条中文义项与短搭配为自行整理，不是词典释义或例句的逐条复制；词形核对不表示搭配频率验证或量化高频排名，不按目标分数删词。	
环境与自然	contaminate	v.	使受到有害物质污染	contaminate drinking water	污染饮用水	https://www.oxfordlearnersdictionaries.com/definition/english/contaminate	主题范围参考 Oxford/BC 公开主题页（2026-09-15 核对）；扩展词的拼写已与 Oxford 词典在线词头核对。本条中文义项与短搭配为自行整理，不是词典释义或例句的逐条复制；词形核对不表示搭配频率验证或量化高频排名，不按目标分数删词。	
环境与自然	disposal	n.	对废物的处置	safe waste disposal	安全的废物处置	https://www.oxfordlearnersdictionaries.com/topic/category/the-natural-world	主题范围参考 Oxford/BC 公开主题页（2026-09-15 核对）；词形与本地 Oxford 3000/5000 索引一致。本条中文义项与短搭配为自行整理，不是词典释义或例句的逐条复制；词形核对不表示搭配频率验证或量化高频排名，不按目标分数删词。	
环境与自然	landfill	n.	垃圾填埋场；也可指填埋处理	send waste to landfill	将垃圾送去填埋	https://www.oxfordlearnersdictionaries.com/definition/english/landfill	主题范围参考 Oxford/BC 公开主题页（2026-09-15 核对）；扩展词的拼写已与 Oxford 词典在线词头核对。本条中文义项与短搭配为自行整理，不是词典释义或例句的逐条复制；词形核对不表示搭配频率验证或量化高频排名，不按目标分数删词。	
环境与自然	restore	v.	使恢复原有状态或功能	restore damaged habitats	修复受损栖息地	https://www.oxfordlearnersdictionaries.com/topic/category/the-natural-world	主题范围参考 Oxford/BC 公开主题页（2026-09-15 核对）；词形与本地 Oxford 3000/5000 索引一致。本条中文义项与短搭配为自行整理，不是词典释义或例句的逐条复制；词形核对不表示搭配频率验证或量化高频排名，不按目标分数删词。	
环境与自然	atmosphere	n.	包围地球的气体层；另有氛围义	gases in the atmosphere	大气中的气体	https://www.oxfordlearnersdictionaries.com/topic/category/the-natural-world	沿用 Oxford/BC 公开主题分类作为覆盖范围依据；词形已与本地 Oxford 3000/5000 索引核对。中文义项与短搭配自行整理，不复制词典长释义或例句；不是按考试分数筛选的词表，也不是量化高频榜。	
环境与自然	carbon dioxide	n.	二氧化碳	release carbon dioxide	释放二氧化碳	https://www.oxfordlearnersdictionaries.com/topic/category/the-natural-world	沿用 Oxford/BC 公开主题分类作为覆盖范围依据；扩展词，待在线词形核对。中文义项与短搭配自行整理，不复制词典长释义或例句；不是按考试分数筛选的词表，也不是量化高频榜。	
环境与自然	greenhouse gas	n.	能够吸收并重新发出红外辐射的气体	reduce greenhouse gas emissions	减少温室气体排放	https://www.oxfordlearnersdictionaries.com/topic/category/the-natural-world	沿用 Oxford/BC 公开主题分类作为覆盖范围依据；扩展词，待在线词形核对。中文义项与短搭配自行整理，不复制词典长释义或例句；不是按考试分数筛选的词表，也不是量化高频榜。	
环境与自然	carbon footprint	n.	某活动或对象相关温室气体排放的估算指标	measure a product's carbon footprint	衡量产品的碳足迹	https://www.oxfordlearnersdictionaries.com/topic/category/the-natural-world	沿用 Oxford/BC 公开主题分类作为覆盖范围依据；扩展词，待在线词形核对。中文义项与短搭配自行整理，不复制词典长释义或例句；不是按考试分数筛选的词表，也不是量化高频榜。	
环境与自然	methane	n.	甲烷	methane emissions from landfill	垃圾填埋产生的甲烷排放	https://www.oxfordlearnersdictionaries.com/topic/category/the-natural-world	沿用 Oxford/BC 公开主题分类作为覆盖范围依据；扩展词，待在线词形核对。中文义项与短搭配自行整理，不复制词典长释义或例句；不是按考试分数筛选的词表，也不是量化高频榜。	
环境与自然	glacier	n.	陆地上缓慢移动的大量冰体	a retreating glacier	正在退缩的冰川	https://www.oxfordlearnersdictionaries.com/topic/category/the-natural-world	沿用 Oxford/BC 公开主题分类作为覆盖范围依据；扩展词，待在线词形核对。中文义项与短搭配自行整理，不复制词典长释义或例句；不是按考试分数筛选的词表，也不是量化高频榜。	
环境与自然	ice sheet	n.	覆盖大面积陆地的厚冰层	the Antarctic ice sheet	南极冰盖	https://www.oxfordlearnersdictionaries.com/topic/category/the-natural-world	沿用 Oxford/BC 公开主题分类作为覆盖范围依据；扩展词，待在线词形核对。中文义项与短搭配自行整理，不复制词典长释义或例句；不是按考试分数筛选的词表，也不是量化高频榜。	
环境与自然	sea level	n.	用作高度参考的海洋表面平均位置	a rise in sea level	海平面上升	https://www.oxfordlearnersdictionaries.com/topic/category/the-natural-world	沿用 Oxford/BC 公开主题分类作为覆盖范围依据；扩展词，待在线词形核对。中文义项与短搭配自行整理，不复制词典长释义或例句；不是按考试分数筛选的词表，也不是量化高频榜。	
环境与自然	ecology	n.	研究生物与环境关系的学科；也可指这种关系	study forest ecology	研究森林生态	https://www.oxfordlearnersdictionaries.com/topic/category/the-natural-world	沿用 Oxford/BC 公开主题分类作为覆盖范围依据；扩展词，待在线词形核对。中文义项与短搭配自行整理，不复制词典长释义或例句；不是按考试分数筛选的词表，也不是量化高频榜。	
环境与自然	conservation	n.	对自然资源、生物或遗产的保护	wildlife conservation	野生生物保护	https://www.oxfordlearnersdictionaries.com/topic/category/the-natural-world	沿用 Oxford/BC 公开主题分类作为覆盖范围依据；词形已与本地 Oxford 3000/5000 索引核对。中文义项与短搭配自行整理，不复制词典长释义或例句；不是按考试分数筛选的词表，也不是量化高频榜。	
环境与自然	degradation	n.	环境或材料质量逐渐变差	land degradation	土地退化	https://www.oxfordlearnersdictionaries.com/topic/category/the-natural-world	沿用 Oxford/BC 公开主题分类作为覆盖范围依据；扩展词，待在线词形核对。中文义项与短搭配自行整理，不复制词典长释义或例句；不是按考试分数筛选的词表，也不是量化高频榜。	
环境与自然	depletion	n.	资源数量逐渐减少或被耗用	the depletion of natural resources	自然资源的消耗与减少	https://www.oxfordlearnersdictionaries.com/topic/category/the-natural-world	沿用 Oxford/BC 公开主题分类作为覆盖范围依据；扩展词，待在线词形核对。中文义项与短搭配自行整理，不复制词典长释义或例句；不是按考试分数筛选的词表，也不是量化高频榜。	
环境与自然	overfishing	n.	捕捞量过大、超过种群承受能力的情况	prevent overfishing	防止过度捕捞	https://www.oxfordlearnersdictionaries.com/topic/category/the-natural-world	沿用 Oxford/BC 公开主题分类作为覆盖范围依据；扩展词，待在线词形核对。中文义项与短搭配自行整理，不复制词典长释义或例句；不是按考试分数筛选的词表，也不是量化高频榜。	
环境与自然	poaching	n.	非法捕猎或捕鱼；另有挖走人员义	tackle illegal poaching	打击非法偷猎	https://www.oxfordlearnersdictionaries.com/topic/category/the-natural-world	沿用 Oxford/BC 公开主题分类作为覆盖范围依据；扩展词，待在线词形核对。中文义项与短搭配自行整理，不复制词典长释义或例句；不是按考试分数筛选的词表，也不是量化高频榜。	
环境与自然	wildfire	n.	在野外蔓延的火灾	contain a wildfire	控制野火蔓延	https://www.oxfordlearnersdictionaries.com/topic/category/the-natural-world	沿用 Oxford/BC 公开主题分类作为覆盖范围依据；扩展词，待在线词形核对。中文义项与短搭配自行整理，不复制词典长释义或例句；不是按考试分数筛选的词表，也不是量化高频榜。	
环境与自然	hurricane	n.	在特定海域形成的强烈热带气旋	damage caused by a hurricane	飓风造成的破坏	https://www.oxfordlearnersdictionaries.com/topic/category/the-natural-world	沿用 Oxford/BC 公开主题分类作为覆盖范围依据；词形已与本地 Oxford 3000/5000 索引核对。中文义项与短搭配自行整理，不复制词典长释义或例句；不是按考试分数筛选的词表，也不是量化高频榜。	
环境与自然	vegetation	n.	某地区植物的总称；通常不可数	dense vegetation	茂密的植被	https://www.oxfordlearnersdictionaries.com/topic/category/the-natural-world	沿用 Oxford/BC 公开主题分类作为覆盖范围依据；扩展词，待在线词形核对。中文义项与短搭配自行整理，不复制词典长释义或例句；不是按考试分数筛选的词表，也不是量化高频榜。	
环境与自然	wetland	n.	长期或季节性被水覆盖、土壤湿润的区域	protect coastal wetlands	保护沿海湿地	https://www.oxfordlearnersdictionaries.com/topic/category/the-natural-world	沿用 Oxford/BC 公开主题分类作为覆盖范围依据；扩展词，待在线词形核对。中文义项与短搭配自行整理，不复制词典长释义或例句；不是按考试分数筛选的词表，也不是量化高频榜。	
环境与自然	wildlife	n.	自然环境中未驯养的动植物；不可数	a wildlife reserve	野生生物保护区	https://www.oxfordlearnersdictionaries.com/topic/category/the-natural-world	沿用 Oxford/BC 公开主题分类作为覆盖范围依据；词形已与本地 Oxford 3000/5000 索引核对。中文义项与短搭配自行整理，不复制词典长释义或例句；不是按考试分数筛选的词表，也不是量化高频榜。	
环境与自然	wilderness	n.	很少受到人类开发的大面积自然区域	a remote wilderness area	偏远的荒野地区	https://www.oxfordlearnersdictionaries.com/topic/category/the-natural-world	沿用 Oxford/BC 公开主题分类作为覆盖范围依据；扩展词，待在线词形核对。中文义项与短搭配自行整理，不复制词典长释义或例句；不是按考试分数筛选的词表，也不是量化高频榜。	
环境与自然	biodegradable	adj.	能被生物作用分解的	biodegradable packaging	可生物降解的包装	https://www.oxfordlearnersdictionaries.com/topic/category/the-natural-world	沿用 Oxford/BC 公开主题分类作为覆盖范围依据；扩展词，待在线词形核对。中文义项与短搭配自行整理，不复制词典长释义或例句；不是按考试分数筛选的词表，也不是量化高频榜。	此词不保证能在任意环境中迅速降解，也不等于可以随意丢弃。
环境与自然	compost	n.	分解后的有机物形成的堆肥	turn food scraps into compost	把食物残渣制成堆肥	https://www.oxfordlearnersdictionaries.com/topic/category/the-natural-world	沿用 Oxford/BC 公开主题分类作为覆盖范围依据；扩展词，待在线词形核对。中文义项与短搭配自行整理，不复制词典长释义或例句；不是按考试分数筛选的词表，也不是量化高频榜。	
环境与自然	sewage	n.	经下水系统排出的生活污水等；不可数	treat sewage before discharge	在排放前处理污水	https://www.oxfordlearnersdictionaries.com/topic/category/the-natural-world	沿用 Oxford/BC 公开主题分类作为覆盖范围依据；扩展词，待在线词形核对。中文义项与短搭配自行整理，不复制词典长释义或例句；不是按考试分数筛选的词表，也不是量化高频榜。	
环境与自然	litter	n.	被乱丢在公共场所的零散垃圾；此义不可数	pick up litter	捡拾散落的垃圾	https://www.oxfordlearnersdictionaries.com/topic/category/the-natural-world	沿用 Oxford/BC 公开主题分类作为覆盖范围依据；词形已与本地 Oxford 3000/5000 索引核对。中文义项与短搭配自行整理，不复制词典长释义或例句；不是按考试分数筛选的词表，也不是量化高频榜。	
环境与自然	contamination	n.	有害物质进入水、食品等造成的污染	prevent water contamination	防止水受到污染	https://www.oxfordlearnersdictionaries.com/topic/category/the-natural-world	沿用 Oxford/BC 公开主题分类作为覆盖范围依据；扩展词，待在线词形核对。中文义项与短搭配自行整理，不复制词典长释义或例句；不是按考试分数筛选的词表，也不是量化高频榜。	
科技与数字生活	device	n.	为特定用途制作的设备	a portable device	便携设备	https://www.oxfordlearnersdictionaries.com/topic/category/science-and-technology	主题范围参考 Oxford/BC 公开主题页（2026-09-15 核对）；词形与本地 Oxford 3000/5000 索引一致。本条中文义项与短搭配为自行整理，不是词典释义或例句的逐条复制；词形核对不表示搭配频率验证或量化高频排名，不按目标分数删词。	
科技与数字生活	software	n.	计算机程序的总称；不可数	install new software	安装新软件	https://www.oxfordlearnersdictionaries.com/topic/category/science-and-technology	主题范围参考 Oxford/BC 公开主题页（2026-09-15 核对）；词形与本地 Oxford 3000/5000 索引一致。本条中文义项与短搭配为自行整理，不是词典释义或例句的逐条复制；词形核对不表示搭配频率验证或量化高频排名，不按目标分数删词。	
科技与数字生活	hardware	n.	计算机等的实体设备；不可数	upgrade computer hardware	升级计算机硬件	https://www.oxfordlearnersdictionaries.com/topic/category/science-and-technology	主题范围参考 Oxford/BC 公开主题页（2026-09-15 核对）；词形与本地 Oxford 3000/5000 索引一致。本条中文义项与短搭配为自行整理，不是词典释义或例句的逐条复制；词形核对不表示搭配频率验证或量化高频排名，不按目标分数删词。	
科技与数字生活	network	n.	相互连接的计算机或设备网络	connect to a wireless network	连接无线网络	https://www.oxfordlearnersdictionaries.com/topic/category/science-and-technology	主题范围参考 Oxford/BC 公开主题页（2026-09-15 核对）；词形与本地 Oxford 3000/5000 索引一致。本条中文义项与短搭配为自行整理，不是词典释义或例句的逐条复制；词形核对不表示搭配频率验证或量化高频排名，不按目标分数删词。	
科技与数字生活	data	n.	用于记录或分析的数据	collect reliable data	收集可靠数据	https://www.oxfordlearnersdictionaries.com/topic/category/science-and-technology	主题范围参考 Oxford/BC 公开主题页（2026-09-15 核对）；词形与本地 Oxford 3000/5000 索引一致。本条中文义项与短搭配为自行整理，不是词典释义或例句的逐条复制；词形核对不表示搭配频率验证或量化高频排名，不按目标分数删词。	
科技与数字生活	database	n.	组织起来便于检索的数据集合	search a database	检索数据库	https://www.oxfordlearnersdictionaries.com/topic/category/science-and-technology	主题范围参考 Oxford/BC 公开主题页（2026-09-15 核对）；词形与本地 Oxford 3000/5000 索引一致。本条中文义项与短搭配为自行整理，不是词典释义或例句的逐条复制；词形核对不表示搭配频率验证或量化高频排名，不按目标分数删词。	
科技与数字生活	algorithm	n.	解决问题的一套计算步骤	a search algorithm	搜索算法	https://www.oxfordlearnersdictionaries.com/definition/english/algorithm	主题范围参考 Oxford/BC 公开主题页（2026-09-15 核对）；扩展词的拼写已与 Oxford 词典在线词头核对。本条中文义项与短搭配为自行整理，不是词典释义或例句的逐条复制；词形核对不表示搭配频率验证或量化高频排名，不按目标分数删词。	
科技与数字生活	automation	n.	用设备或程序自动完成工作	industrial automation	工业自动化	https://www.oxfordlearnersdictionaries.com/definition/english/automation	主题范围参考 Oxford/BC 公开主题页（2026-09-15 核对）；扩展词的拼写已与 Oxford 词典在线词头核对。本条中文义项与短搭配为自行整理，不是词典释义或例句的逐条复制；词形核对不表示搭配频率验证或量化高频排名，不按目标分数删词。	
科技与数字生活	innovation	n.	新方法或新产品的引入；创新	technological innovation	技术创新	https://www.oxfordlearnersdictionaries.com/topic/category/science-and-technology	主题范围参考 Oxford/BC 公开主题页（2026-09-15 核对）；词形与本地 Oxford 3000/5000 索引一致。本条中文义项与短搭配为自行整理，不是词典释义或例句的逐条复制；词形核对不表示搭配频率验证或量化高频排名，不按目标分数删词。	
科技与数字生活	digital	adj.	采用数字信息形式的	digital learning materials	数字学习材料	https://www.oxfordlearnersdictionaries.com/topic/category/science-and-technology	主题范围参考 Oxford/BC 公开主题页（2026-09-15 核对）；词形与本地 Oxford 3000/5000 索引一致。本条中文义项与短搭配为自行整理，不是词典释义或例句的逐条复制；词形核对不表示搭配频率验证或量化高频排名，不按目标分数删词。	
科技与数字生活	access	n.	使用或接触的机会；此处为名词	access to the internet	互联网使用条件	https://www.oxfordlearnersdictionaries.com/topic/category/science-and-technology	主题范围参考 Oxford/BC 公开主题页（2026-09-15 核对）；词形与本地 Oxford 3000/5000 索引一致。本条中文义项与短搭配为自行整理，不是词典释义或例句的逐条复制；词形核对不表示搭配频率验证或量化高频排名，不按目标分数删词。	
科技与数字生活	privacy	n.	个人生活或信息不被随意窥探的状态	protect personal privacy	保护个人隐私	https://www.oxfordlearnersdictionaries.com/topic/category/science-and-technology	主题范围参考 Oxford/BC 公开主题页（2026-09-15 核对）；词形与本地 Oxford 3000/5000 索引一致。本条中文义项与短搭配为自行整理，不是词典释义或例句的逐条复制；词形核对不表示搭配频率验证或量化高频排名，不按目标分数删词。	
科技与数字生活	security	n.	系统或信息的安全保障	improve data security	提升数据安全性	https://www.oxfordlearnersdictionaries.com/topic/category/science-and-technology	主题范围参考 Oxford/BC 公开主题页（2026-09-15 核对）；词形与本地 Oxford 3000/5000 索引一致。本条中文义项与短搭配为自行整理，不是词典释义或例句的逐条复制；词形核对不表示搭配频率验证或量化高频排名，不按目标分数删词。	
科技与数字生活	password	n.	用于验证身份的密码	change your password	更换密码	https://www.oxfordlearnersdictionaries.com/topic/category/science-and-technology	主题范围参考 Oxford/BC 公开主题页（2026-09-15 核对）；词形与本地 Oxford 3000/5000 索引一致。本条中文义项与短搭配为自行整理，不是词典释义或例句的逐条复制；词形核对不表示搭配频率验证或量化高频排名，不按目标分数删词。	
科技与数字生活	download	v.	把远程文件传到本地	download a document	下载文件	https://www.oxfordlearnersdictionaries.com/topic/category/science-and-technology	主题范围参考 Oxford/BC 公开主题页（2026-09-15 核对）；词形与本地 Oxford 3000/5000 索引一致。本条中文义项与短搭配为自行整理，不是词典释义或例句的逐条复制；词形核对不表示搭配频率验证或量化高频排名，不按目标分数删词。	
科技与数字生活	upload	v.	把本地文件传到远程系统	upload a photo	上传照片	https://www.oxfordlearnersdictionaries.com/definition/english/upload_1	主题范围参考 Oxford/BC 公开主题页（2026-09-15 核对）；扩展词的拼写已与 Oxford 词典在线词头核对。本条中文义项与短搭配为自行整理，不是词典释义或例句的逐条复制；词形核对不表示搭配频率验证或量化高频排名，不按目标分数删词。	
科技与数字生活	store	v.	保存信息；另有储存物品义	store data securely	安全地保存数据	https://www.oxfordlearnersdictionaries.com/topic/category/science-and-technology	主题范围参考 Oxford/BC 公开主题页（2026-09-15 核对）；词形与本地 Oxford 3000/5000 索引一致。本条中文义项与短搭配为自行整理，不是词典释义或例句的逐条复制；词形核对不表示搭配频率验证或量化高频排名，不按目标分数删词。	
科技与数字生活	process	v.	对信息进行处理；此处不是过程的名词	process large amounts of data	处理大量数据	https://www.oxfordlearnersdictionaries.com/topic/category/science-and-technology	主题范围参考 Oxford/BC 公开主题页（2026-09-15 核对）；词形与本地 Oxford 3000/5000 索引一致。本条中文义项与短搭配为自行整理，不是词典释义或例句的逐条复制；词形核对不表示搭配频率验证或量化高频排名，不按目标分数删词。	
科技与数字生活	efficient	adj.	较少浪费时间或资源的	an energy-efficient device	节能设备	https://www.oxfordlearnersdictionaries.com/topic/category/science-and-technology	主题范围参考 Oxford/BC 公开主题页（2026-09-15 核对）；词形与本地 Oxford 3000/5000 索引一致。本条中文义项与短搭配为自行整理，不是词典释义或例句的逐条复制；词形核对不表示搭配频率验证或量化高频排名，不按目标分数删词。	
科技与数字生活	reliable	adj.	可以依赖、较少出错的	a reliable internet connection	稳定可靠的网络连接	https://www.oxfordlearnersdictionaries.com/topic/category/science-and-technology	主题范围参考 Oxford/BC 公开主题页（2026-09-15 核对）；词形与本地 Oxford 3000/5000 索引一致。本条中文义项与短搭配为自行整理，不是词典释义或例句的逐条复制；词形核对不表示搭配频率验证或量化高频排名，不按目标分数删词。	
科技与数字生活	obsolete	adj.	因被取代而过时、不再常用的	obsolete equipment	已过时的设备	https://www.oxfordlearnersdictionaries.com/definition/english/obsolete	主题范围参考 Oxford/BC 公开主题页（2026-09-15 核对）；扩展词的拼写已与 Oxford 词典在线词头核对。本条中文义项与短搭配为自行整理，不是词典释义或例句的逐条复制；词形核对不表示搭配频率验证或量化高频排名，不按目标分数删词。	
科技与数字生活	virtual	adj.	由计算机提供、非实际在场的	a virtual meeting	线上会议	https://www.oxfordlearnersdictionaries.com/topic/category/science-and-technology	主题范围参考 Oxford/BC 公开主题页（2026-09-15 核对）；词形与本地 Oxford 3000/5000 索引一致。本条中文义项与短搭配为自行整理，不是词典释义或例句的逐条复制；词形核对不表示搭配频率验证或量化高频排名，不按目标分数删词。	
科技与数字生活	robot	n.	能自动执行任务的机器	an industrial robot	工业机器人	https://www.oxfordlearnersdictionaries.com/topic/category/science-and-technology	主题范围参考 Oxford/BC 公开主题页（2026-09-15 核对）；词形与本地 Oxford 3000/5000 索引一致。本条中文义项与短搭配为自行整理，不是词典释义或例句的逐条复制；词形核对不表示搭配频率验证或量化高频排名，不按目标分数删词。	
科技与数字生活	sensor	n.	检测光、温度等变化的装置	a temperature sensor	温度传感器	https://www.oxfordlearnersdictionaries.com/definition/english/sensor	主题范围参考 Oxford/BC 公开主题页（2026-09-15 核对）；扩展词的拼写已与 Oxford 词典在线词头核对。本条中文义项与短搭配为自行整理，不是词典释义或例句的逐条复制；词形核对不表示搭配频率验证或量化高频排名，不按目标分数删词。	
科技与数字生活	artificial intelligence	n.	使机器完成某些智能任务的技术领域	applications of artificial intelligence	人工智能的应用	https://www.oxfordlearnersdictionaries.com/definition/english/artificial-intelligence	主题范围参考 Oxford/BC 公开主题页（2026-09-15 核对）；扩展词的拼写已与 Oxford 词典在线词头核对。本条中文义项与短搭配为自行整理，不是词典释义或例句的逐条复制；词形核对不表示搭配频率验证或量化高频排名，不按目标分数删词。	
科技与数字生活	computer	n.	处理和存储信息的计算设备	a desktop computer	台式计算机	https://www.oxfordlearnersdictionaries.com/topic/category/science-and-technology	沿用 Oxford/BC 公开主题分类作为覆盖范围依据；词形已与本地 Oxford 3000/5000 索引核对。中文义项与短搭配自行整理，不复制词典长释义或例句；不是按考试分数筛选的词表，也不是量化高频榜。	
科技与数字生活	equipment	n.	完成活动所需的设备；不可数	specialist laboratory equipment	专用实验室设备	https://www.oxfordlearnersdictionaries.com/topic/category/science-and-technology	沿用 Oxford/BC 公开主题分类作为覆盖范围依据；词形已与本地 Oxford 3000/5000 索引核对。中文义项与短搭配自行整理，不复制词典长释义或例句；不是按考试分数筛选的词表，也不是量化高频榜。	不能说 an equipment 或 equipments；单件可说 a piece of equipment。
科技与数字生活	laboratory	n.	进行实验或科学检测的场所	work in a research laboratory	在研究实验室工作	https://www.oxfordlearnersdictionaries.com/topic/category/science-and-technology	沿用 Oxford/BC 公开主题分类作为覆盖范围依据；词形已与本地 Oxford 3000/5000 索引核对。中文义项与短搭配自行整理，不复制词典长释义或例句；不是按考试分数筛选的词表，也不是量化高频榜。	
科技与数字生活	experiment	n.	为检验想法或观察结果而进行的实验	carry out an experiment	开展实验	https://www.oxfordlearnersdictionaries.com/topic/category/science-and-technology	沿用 Oxford/BC 公开主题分类作为覆盖范围依据；词形已与本地 Oxford 3000/5000 索引核对。中文义项与短搭配自行整理，不复制词典长释义或例句；不是按考试分数筛选的词表，也不是量化高频榜。	
科技与数字生活	hypothesis	n.	待用证据检验的解释或假设	test a hypothesis	检验假设	https://www.oxfordlearnersdictionaries.com/topic/category/science-and-technology	沿用 Oxford/BC 公开主题分类作为覆盖范围依据；词形已与本地 Oxford 3000/5000 索引核对。中文义项与短搭配自行整理，不复制词典长释义或例句；不是按考试分数筛选的词表，也不是量化高频榜。	复数为 hypotheses；假设本身不是已确立结论。
科技与数字生活	evidence	n.	帮助判断某事是否成立的信息；通常不可数	provide supporting evidence	提供支持性证据	https://www.oxfordlearnersdictionaries.com/topic/category/science-and-technology	沿用 Oxford/BC 公开主题分类作为覆盖范围依据；词形已与本地 Oxford 3000/5000 索引核对。中文义项与短搭配自行整理，不复制词典长释义或例句；不是按考试分数筛选的词表，也不是量化高频榜。	通常不说 an evidence；可说 a piece of evidence。
科技与数字生活	research	n.	系统研究或调查；此处通常不可数	conduct research into renewable energy	研究可再生能源	https://www.oxfordlearnersdictionaries.com/topic/category/science-and-technology	沿用 Oxford/BC 公开主题分类作为覆盖范围依据；词形已与本地 Oxford 3000/5000 索引核对。中文义项与短搭配自行整理，不复制词典长释义或例句；不是按考试分数筛选的词表，也不是量化高频榜。	这里用 research into/on；不把一次研究机械写成 a research。
科技与数字生活	discovery	n.	发现此前未知的事物或信息	make a scientific discovery	取得科学发现	https://www.oxfordlearnersdictionaries.com/topic/category/science-and-technology	沿用 Oxford/BC 公开主题分类作为覆盖范围依据；词形已与本地 Oxford 3000/5000 索引核对。中文义项与短搭配自行整理，不复制词典长释义或例句；不是按考试分数筛选的词表，也不是量化高频榜。	
科技与数字生活	prototype	n.	用于测试和改进的初始模型或样机	build a working prototype	制作可运行的原型	https://www.oxfordlearnersdictionaries.com/topic/category/science-and-technology	沿用 Oxford/BC 公开主题分类作为覆盖范围依据；扩展词，待在线词形核对。中文义项与短搭配自行整理，不复制词典长释义或例句；不是按考试分数筛选的词表，也不是量化高频榜。	
科技与数字生活	patent	n.	对符合条件的发明授予的专有权	apply for a patent	申请专利	https://www.oxfordlearnersdictionaries.com/topic/category/science-and-technology	沿用 Oxford/BC 公开主题分类作为覆盖范围依据；词形已与本地 Oxford 3000/5000 索引核对。中文义项与短搭配自行整理，不复制词典长释义或例句；不是按考试分数筛选的词表，也不是量化高频榜。	
科技与数字生活	simulation	n.	用模型模拟真实过程或情况	run a computer simulation	运行计算机模拟	https://www.oxfordlearnersdictionaries.com/topic/category/science-and-technology	沿用 Oxford/BC 公开主题分类作为覆盖范围依据；词形已与本地 Oxford 3000/5000 索引核对。中文义项与短搭配自行整理，不复制词典长释义或例句；不是按考试分数筛选的词表，也不是量化高频榜。	
科技与数字生活	invention	n.	新创造的设备、方法等或其创造行为	a useful invention	一项实用发明	https://www.oxfordlearnersdictionaries.com/topic/category/science-and-technology	沿用 Oxford/BC 公开主题分类作为覆盖范围依据；词形已与本地 Oxford 3000/5000 索引核对。中文义项与短搭配自行整理，不复制词典长释义或例句；不是按考试分数筛选的词表，也不是量化高频榜。	
科技与数字生活	breakthrough	n.	解决长期问题的重大进展	a breakthrough in battery technology	电池技术的重大突破	https://www.oxfordlearnersdictionaries.com/topic/category/science-and-technology	沿用 Oxford/BC 公开主题分类作为覆盖范围依据；词形已与本地 Oxford 3000/5000 索引核对。中文义项与短搭配自行整理，不复制词典长释义或例句；不是按考试分数筛选的词表，也不是量化高频榜。	
科技与数字生活	circuit	n.	供电流流通的连接路径	an electrical circuit	电路	https://www.oxfordlearnersdictionaries.com/topic/category/science-and-technology	沿用 Oxford/BC 公开主题分类作为覆盖范围依据；词形已与本地 Oxford 3000/5000 索引核对。中文义项与短搭配自行整理，不复制词典长释义或例句；不是按考试分数筛选的词表，也不是量化高频榜。	
科技与数字生活	processor	n.	执行指令和处理数据的计算部件	a faster processor	速度更快的处理器	https://www.oxfordlearnersdictionaries.com/topic/category/science-and-technology	沿用 Oxford/BC 公开主题分类作为覆盖范围依据；词形已与本地 Oxford 3000/5000 索引核对。中文义项与短搭配自行整理，不复制词典长释义或例句；不是按考试分数筛选的词表，也不是量化高频榜。	
科技与数字生活	bandwidth	n.	通信通道可传输数据的容量	limited network bandwidth	有限的网络带宽	https://www.oxfordlearnersdictionaries.com/topic/category/science-and-technology	沿用 Oxford/BC 公开主题分类作为覆盖范围依据；扩展词，待在线词形核对。中文义项与短搭配自行整理，不复制词典长释义或例句；不是按考试分数筛选的词表，也不是量化高频榜。	
科技与数字生活	interface	n.	用户或系统之间交互的连接方式	a user-friendly interface	便于使用的界面	https://www.oxfordlearnersdictionaries.com/topic/category/science-and-technology	沿用 Oxford/BC 公开主题分类作为覆盖范围依据；词形已与本地 Oxford 3000/5000 索引核对。中文义项与短搭配自行整理，不复制词典长释义或例句；不是按考试分数筛选的词表，也不是量化高频榜。	
科技与数字生活	browser	n.	访问网页的软件	open a web browser	打开网页浏览器	https://www.oxfordlearnersdictionaries.com/topic/category/science-and-technology	沿用 Oxford/BC 公开主题分类作为覆盖范围依据；词形已与本地 Oxford 3000/5000 索引核对。中文义项与短搭配自行整理，不复制词典长释义或例句；不是按考试分数筛选的词表，也不是量化高频榜。	
科技与数字生活	server	n.	为其他计算机提供数据或服务的系统	store files on a server	在服务器上存储文件	https://www.oxfordlearnersdictionaries.com/topic/category/science-and-technology	沿用 Oxford/BC 公开主题分类作为覆盖范围依据；扩展词，待在线词形核对。中文义项与短搭配自行整理，不复制词典长释义或例句；不是按考试分数筛选的词表，也不是量化高频榜。	
科技与数字生活	encryption	n.	将信息变换为受保护编码的过程	use encryption to protect data	用加密保护数据	https://www.oxfordlearnersdictionaries.com/topic/category/science-and-technology	沿用 Oxford/BC 公开主题分类作为覆盖范围依据；扩展词，待在线词形核对。中文义项与短搭配自行整理，不复制词典长释义或例句；不是按考试分数筛选的词表，也不是量化高频榜。	
科技与数字生活	surveillance	n.	持续监视人、场所或活动	electronic surveillance	电子监控	https://www.oxfordlearnersdictionaries.com/topic/category/science-and-technology	沿用 Oxford/BC 公开主题分类作为覆盖范围依据；词形已与本地 Oxford 3000/5000 索引核对。中文义项与短搭配自行整理，不复制词典长释义或例句；不是按考试分数筛选的词表，也不是量化高频榜。	
科技与数字生活	malfunction	n.	设备未按正常方式工作的故障	a technical malfunction	技术故障	https://www.oxfordlearnersdictionaries.com/topic/category/science-and-technology	沿用 Oxford/BC 公开主题分类作为覆盖范围依据；扩展词，待在线词形核对。中文义项与短搭配自行整理，不复制词典长释义或例句；不是按考试分数筛选的词表，也不是量化高频榜。	
科技与数字生活	upgrade	v.	改善设备或系统的性能、版本	upgrade an operating system	升级操作系统	https://www.oxfordlearnersdictionaries.com/topic/category/science-and-technology	沿用 Oxford/BC 公开主题分类作为覆盖范围依据；词形已与本地 Oxford 3000/5000 索引核对。中文义项与短搭配自行整理，不复制词典长释义或例句；不是按考试分数筛选的词表，也不是量化高频榜。	
科技与数字生活	compatible	adj.	能够一起使用或协调运行的	compatible with existing software	与现有软件兼容	https://www.oxfordlearnersdictionaries.com/topic/category/science-and-technology	沿用 Oxford/BC 公开主题分类作为覆盖范围依据；扩展词，待在线词形核对。中文义项与短搭配自行整理，不复制词典长释义或例句；不是按考试分数筛选的词表，也不是量化高频榜。	通常用 compatible with，不用 compatible to 表示与某系统兼容。
科技与数字生活	wireless	adj.	不用实体线缆连接的	wireless communication	无线通信	https://www.oxfordlearnersdictionaries.com/topic/category/science-and-technology	沿用 Oxford/BC 公开主题分类作为覆盖范围依据；扩展词，待在线词形核对。中文义项与短搭配自行整理，不复制词典长释义或例句；不是按考试分数筛选的词表，也不是量化高频榜。	
健康与医疗	symptom	n.	身体或心理问题表现出来的症状	describe your symptoms	描述自己的症状	https://www.oxfordlearnersdictionaries.com/topic/category/health	主题范围参考 Oxford/BC 公开主题页（2026-09-15 核对）；词形与本地 Oxford 3000/5000 索引一致。本条中文义项与短搭配为自行整理，不是词典释义或例句的逐条复制；词形核对不表示搭配频率验证或量化高频排名，不按目标分数删词。	
健康与医疗	diagnosis	n.	对疾病或问题的诊断	receive a diagnosis	得到诊断结果	https://www.oxfordlearnersdictionaries.com/topic/category/health	主题范围参考 Oxford/BC 公开主题页（2026-09-15 核对）；词形与本地 Oxford 3000/5000 索引一致。本条中文义项与短搭配为自行整理，不是词典释义或例句的逐条复制；词形核对不表示搭配频率验证或量化高频排名，不按目标分数删词。	
健康与医疗	treatment	n.	治疗；另有对待方式义	receive medical treatment	接受医疗治疗	https://www.oxfordlearnersdictionaries.com/topic/category/health	主题范围参考 Oxford/BC 公开主题页（2026-09-15 核对）；词形与本地 Oxford 3000/5000 索引一致。本条中文义项与短搭配为自行整理，不是词典释义或例句的逐条复制；词形核对不表示搭配频率验证或量化高频排名，不按目标分数删词。	
健康与医疗	patient	n.	接受医疗照护的人；此处不是耐心的形容词	care for patients	照护患者	https://www.oxfordlearnersdictionaries.com/topic/category/health	主题范围参考 Oxford/BC 公开主题页（2026-09-15 核对）；词形与本地 Oxford 3000/5000 索引一致。本条中文义项与短搭配为自行整理，不是词典释义或例句的逐条复制；词形核对不表示搭配频率验证或量化高频排名，不按目标分数删词。	
健康与医疗	appointment	n.	预先约定的会面；此处为就诊预约	make a medical appointment	预约就诊	https://www.oxfordlearnersdictionaries.com/topic/category/health	主题范围参考 Oxford/BC 公开主题页（2026-09-15 核对）；词形与本地 Oxford 3000/5000 索引一致。本条中文义项与短搭配为自行整理，不是词典释义或例句的逐条复制；词形核对不表示搭配频率验证或量化高频排名，不按目标分数删词。	
健康与医疗	prescription	n.	医生开具的处方；也可指按处方配的药	get a prescription	取得医生开具的处方	https://www.oxfordlearnersdictionaries.com/topic/category/health	主题范围参考 Oxford/BC 公开主题页（2026-09-15 核对）；词形与本地 Oxford 3000/5000 索引一致。本条中文义项与短搭配为自行整理，不是词典释义或例句的逐条复制；词形核对不表示搭配频率验证或量化高频排名，不按目标分数删词。	
健康与医疗	medicine	n.	药；另有医学这一学科义	take prescribed medicine	服用医生开出的药	https://www.oxfordlearnersdictionaries.com/topic/category/health	主题范围参考 Oxford/BC 公开主题页（2026-09-15 核对）；词形与本地 Oxford 3000/5000 索引一致。本条中文义项与短搭配为自行整理，不是词典释义或例句的逐条复制；词形核对不表示搭配频率验证或量化高频排名，不按目标分数删词。	
健康与医疗	infection	n.	病原体进入并影响身体的感染	a serious infection	严重感染	https://www.oxfordlearnersdictionaries.com/topic/category/health	主题范围参考 Oxford/BC 公开主题页（2026-09-15 核对）；词形与本地 Oxford 3000/5000 索引一致。本条中文义项与短搭配为自行整理，不是词典释义或例句的逐条复制；词形核对不表示搭配频率验证或量化高频排名，不按目标分数删词。	
健康与医疗	injury	n.	外力等造成的损伤	recover from an injury	从伤病中恢复	https://www.oxfordlearnersdictionaries.com/topic/category/health	主题范围参考 Oxford/BC 公开主题页（2026-09-15 核对）；词形与本地 Oxford 3000/5000 索引一致。本条中文义项与短搭配为自行整理，不是词典释义或例句的逐条复制；词形核对不表示搭配频率验证或量化高频排名，不按目标分数删词。	
健康与医疗	recover	v.	恢复健康或原有能力	recover from an illness	病后康复	https://www.oxfordlearnersdictionaries.com/topic/category/health	主题范围参考 Oxford/BC 公开主题页（2026-09-15 核对）；词形与本地 Oxford 3000/5000 索引一致。本条中文义项与短搭配为自行整理，不是词典释义或例句的逐条复制；词形核对不表示搭配频率验证或量化高频排名，不按目标分数删词。	
健康与医疗	chronic	adj.	持续很久或反复出现的；常修饰疾病	a chronic condition	慢性健康问题	https://www.oxfordlearnersdictionaries.com/topic/category/health	主题范围参考 Oxford/BC 公开主题页（2026-09-15 核对）；词形与本地 Oxford 3000/5000 索引一致。本条中文义项与短搭配为自行整理，不是词典释义或例句的逐条复制；词形核对不表示搭配频率验证或量化高频排名，不按目标分数删词。	
健康与医疗	prevent	v.	阻止某事发生	prevent the spread of infection	防止感染传播	https://www.oxfordlearnersdictionaries.com/topic/category/health	主题范围参考 Oxford/BC 公开主题页（2026-09-15 核对）；词形与本地 Oxford 3000/5000 索引一致。本条中文义项与短搭配为自行整理，不是词典释义或例句的逐条复制；词形核对不表示搭配频率验证或量化高频排名，不按目标分数删词。	
健康与医疗	nutrition	n.	获取和利用食物中营养的过程或状况	adequate nutrition	充足的营养	https://www.oxfordlearnersdictionaries.com/topic/category/health	主题范围参考 Oxford/BC 公开主题页（2026-09-15 核对）；词形与本地 Oxford 3000/5000 索引一致。本条中文义项与短搭配为自行整理，不是词典释义或例句的逐条复制；词形核对不表示搭配频率验证或量化高频排名，不按目标分数删词。	
健康与医疗	diet	n.	日常饮食；不一定指减肥饮食	a balanced diet	均衡饮食	https://www.oxfordlearnersdictionaries.com/topic/category/health	主题范围参考 Oxford/BC 公开主题页（2026-09-15 核对）；词形与本地 Oxford 3000/5000 索引一致。本条中文义项与短搭配为自行整理，不是词典释义或例句的逐条复制；词形核对不表示搭配频率验证或量化高频排名，不按目标分数删词。	
健康与医疗	exercise	n.	身体锻炼；另有练习题义	take regular exercise	定期锻炼	https://www.oxfordlearnersdictionaries.com/topic/category/health	主题范围参考 Oxford/BC 公开主题页（2026-09-15 核对）；词形与本地 Oxford 3000/5000 索引一致。本条中文义项与短搭配为自行整理，不是词典释义或例句的逐条复制；词形核对不表示搭配频率验证或量化高频排名，不按目标分数删词。	
健康与医疗	sleep	n.	睡眠	get enough sleep	获得足够睡眠	https://www.oxfordlearnersdictionaries.com/topic/category/health	主题范围参考 Oxford/BC 公开主题页（2026-09-15 核对）；词形与本地 Oxford 3000/5000 索引一致。本条中文义项与短搭配为自行整理，不是词典释义或例句的逐条复制；词形核对不表示搭配频率验证或量化高频排名，不按目标分数删词。	
健康与医疗	stress	n.	压力；此处不取重音义	manage everyday stress	应对日常压力	https://www.oxfordlearnersdictionaries.com/topic/category/health	主题范围参考 Oxford/BC 公开主题页（2026-09-15 核对）；词形与本地 Oxford 3000/5000 索引一致。本条中文义项与短搭配为自行整理，不是词典释义或例句的逐条复制；词形核对不表示搭配频率验证或量化高频排名，不按目标分数删词。	
健康与医疗	anxiety	n.	焦虑或强烈担忧；并非每次都指临床疾病	feel anxiety about an exam	对考试感到焦虑	https://www.oxfordlearnersdictionaries.com/topic/category/health	主题范围参考 Oxford/BC 公开主题页（2026-09-15 核对）；词形与本地 Oxford 3000/5000 索引一致。本条中文义项与短搭配为自行整理，不是词典释义或例句的逐条复制；词形核对不表示搭配频率验证或量化高频排名，不按目标分数删词。	
健康与医疗	well-being	n.	身心状态良好、生活安适的状态	support mental well-being	支持心理健康与安适	https://www.oxfordlearnersdictionaries.com/topic/category/health	主题范围参考 Oxford/BC 公开主题页（2026-09-15 核对）；词形与本地 Oxford 3000/5000 索引一致。本条中文义项与短搭配为自行整理，不是词典释义或例句的逐条复制；词形核对不表示搭配频率验证或量化高频排名，不按目标分数删词。	
健康与医疗	fatigue	n.	明显的疲劳或疲惫	experience persistent fatigue	感到持续疲劳	https://www.oxfordlearnersdictionaries.com/definition/english/fatigue	主题范围参考 Oxford/BC 公开主题页（2026-09-15 核对）；扩展词的拼写已与 Oxford 词典在线词头核对。本条中文义项与短搭配为自行整理，不是词典释义或例句的逐条复制；词形核对不表示搭配频率验证或量化高频排名，不按目标分数删词。	
健康与医疗	immune	adj.	与免疫有关的；另有免受影响义	the immune system	免疫系统	https://www.oxfordlearnersdictionaries.com/topic/category/health	主题范围参考 Oxford/BC 公开主题页（2026-09-15 核对）；词形与本地 Oxford 3000/5000 索引一致。本条中文义项与短搭配为自行整理，不是词典释义或例句的逐条复制；词形核对不表示搭配频率验证或量化高频排名，不按目标分数删词。	
健康与医疗	vaccine	n.	帮助身体对特定疾病产生防御的疫苗	develop a vaccine	研发疫苗	https://www.oxfordlearnersdictionaries.com/definition/english/vaccine	主题范围参考 Oxford/BC 公开主题页（2026-09-15 核对）；扩展词的拼写已与 Oxford 词典在线词头核对。本条中文义项与短搭配为自行整理，不是词典释义或例句的逐条复制；词形核对不表示搭配频率验证或量化高频排名，不按目标分数删词。	
健康与医疗	screening	n.	为发现潜在问题而进行的筛查	a health screening programme	健康筛查项目	https://www.oxfordlearnersdictionaries.com/topic/category/health	主题范围参考 Oxford/BC 公开主题页（2026-09-15 核对）；词形与本地 Oxford 3000/5000 索引一致。本条中文义项与短搭配为自行整理，不是词典释义或例句的逐条复制；词形核对不表示搭配频率验证或量化高频排名，不按目标分数删词。	
健康与医疗	rehabilitation	n.	帮助恢复身体或日常功能的康复	physical rehabilitation	身体功能康复	https://www.oxfordlearnersdictionaries.com/topic/category/health	主题范围参考 Oxford/BC 公开主题页（2026-09-15 核对）；词形与本地 Oxford 3000/5000 索引一致。本条中文义项与短搭配为自行整理，不是词典释义或例句的逐条复制；词形核对不表示搭配频率验证或量化高频排名，不按目标分数删词。	
健康与医疗	sedentary	adj.	久坐、缺少身体活动的	a sedentary lifestyle	久坐的生活方式	https://www.oxfordlearnersdictionaries.com/definition/english/sedentary	主题范围参考 Oxford/BC 公开主题页（2026-09-15 核对）；扩展词的拼写已与 Oxford 词典在线词头核对。本条中文义项与短搭配为自行整理，不是词典释义或例句的逐条复制；词形核对不表示搭配频率验证或量化高频排名，不按目标分数删词。	
健康与医疗	pain	n.	身体疼痛或精神痛苦	relieve back pain	缓解背部疼痛	https://www.oxfordlearnersdictionaries.com/topic/category/health	沿用 Oxford/BC 公开主题分类作为覆盖范围依据；词形已与本地 Oxford 3000/5000 索引核对。中文义项与短搭配自行整理，不复制词典长释义或例句；不是按考试分数筛选的词表，也不是量化高频榜。	pain 可指持续疼痛，也可数次疼痛；不要把所有语境固定为可数或不可数。
健康与医疗	fever	n.	体温高于正常范围的发热	have a high fever	发高烧	https://www.oxfordlearnersdictionaries.com/topic/category/health	沿用 Oxford/BC 公开主题分类作为覆盖范围依据；词形已与本地 Oxford 3000/5000 索引核对。中文义项与短搭配自行整理，不复制词典长释义或例句；不是按考试分数筛选的词表，也不是量化高频榜。	
健康与医疗	cough	n.	咳嗽；也可作动词	a persistent cough	持续咳嗽	https://www.oxfordlearnersdictionaries.com/topic/category/health	沿用 Oxford/BC 公开主题分类作为覆盖范围依据；扩展词，待在线词形核对。中文义项与短搭配自行整理，不复制词典长释义或例句；不是按考试分数筛选的词表，也不是量化高频榜。	
健康与医疗	allergy	n.	对某物发生过敏反应的情况	an allergy to peanuts	对花生过敏	https://www.oxfordlearnersdictionaries.com/topic/category/health	沿用 Oxford/BC 公开主题分类作为覆盖范围依据；扩展词，待在线词形核对。中文义项与短搭配自行整理，不复制词典长释义或例句；不是按考试分数筛选的词表，也不是量化高频榜。	名词 allergy to；形容词 allergic to。
健康与医疗	disease	n.	影响身体或生物正常功能的疾病	the spread of disease	疾病传播	https://www.oxfordlearnersdictionaries.com/topic/category/health	沿用 Oxford/BC 公开主题分类作为覆盖范围依据；词形已与本地 Oxford 3000/5000 索引核对。中文义项与短搭配自行整理，不复制词典长释义或例句；不是按考试分数筛选的词表，也不是量化高频榜。	
健康与医疗	disorder	n.	身体或心理功能方面的紊乱；另有混乱义	a sleep disorder	睡眠障碍	https://www.oxfordlearnersdictionaries.com/topic/category/health	沿用 Oxford/BC 公开主题分类作为覆盖范围依据；词形已与本地 Oxford 3000/5000 索引核对。中文义项与短搭配自行整理，不复制词典长释义或例句；不是按考试分数筛选的词表，也不是量化高频榜。	
健康与医疗	disability	n.	身体或精神状况与环境障碍共同影响日常参与的残障状况	access for people with disabilities	为残障人士提供无障碍条件	https://www.oxfordlearnersdictionaries.com/topic/category/health	沿用 Oxford/BC 公开主题分类作为覆盖范围依据；词形已与本地 Oxford 3000/5000 索引核对。中文义项与短搭配自行整理，不复制词典长释义或例句；不是按考试分数筛选的词表，也不是量化高频榜。	不要将 disability 与一般 illness 完全等同；具体称呼应尊重当事人的偏好。
健康与医疗	diagnose	v.	根据检查等判断疾病或问题	diagnose a patient with asthma	诊断一名患者患有哮喘	https://www.oxfordlearnersdictionaries.com/topic/category/health	沿用 Oxford/BC 公开主题分类作为覆盖范围依据；词形已与本地 Oxford 3000/5000 索引核对。中文义项与短搭配自行整理，不复制词典长释义或例句；不是按考试分数筛选的词表，也不是量化高频榜。	可用 diagnose a condition；说患者时用 diagnose someone with a condition。
健康与医疗	prescribe	v.	由合资格人员开具药物或治疗方案	prescribe medication	开具药物处方	https://www.oxfordlearnersdictionaries.com/topic/category/health	沿用 Oxford/BC 公开主题分类作为覆盖范围依据；词形已与本地 Oxford 3000/5000 索引核对。中文义项与短搭配自行整理，不复制词典长释义或例句；不是按考试分数筛选的词表，也不是量化高频榜。	
健康与医疗	surgery	n.	通过手术进行治疗；另有诊所等义	undergo surgery	接受手术	https://www.oxfordlearnersdictionaries.com/topic/category/health	沿用 Oxford/BC 公开主题分类作为覆盖范围依据；词形已与本地 Oxford 3000/5000 索引核对。中文义项与短搭配自行整理，不复制词典长释义或例句；不是按考试分数筛选的词表，也不是量化高频榜。	治疗过程义通常不可数；a surgery 在英式还可表示诊所，不能一律译成一台手术。
健康与医疗	surgeon	n.	实施外科手术的医生	a specialist surgeon	专科外科医生	https://www.oxfordlearnersdictionaries.com/topic/category/health	沿用 Oxford/BC 公开主题分类作为覆盖范围依据；词形已与本地 Oxford 3000/5000 索引核对。中文义项与短搭配自行整理，不复制词典长释义或例句；不是按考试分数筛选的词表，也不是量化高频榜。	
健康与医疗	nurse	n.	受过专业训练、提供护理的人员	a qualified nurse	具备资格的护士	https://www.oxfordlearnersdictionaries.com/topic/category/health	沿用 Oxford/BC 公开主题分类作为覆盖范围依据；词形已与本地 Oxford 3000/5000 索引核对。中文义项与短搭配自行整理，不复制词典长释义或例句；不是按考试分数筛选的词表，也不是量化高频榜。	
健康与医疗	clinic	n.	提供门诊或专科诊疗的机构	attend a local clinic	到当地诊所就诊	https://www.oxfordlearnersdictionaries.com/topic/category/health	沿用 Oxford/BC 公开主题分类作为覆盖范围依据；词形已与本地 Oxford 3000/5000 索引核对。中文义项与短搭配自行整理，不复制词典长释义或例句；不是按考试分数筛选的词表，也不是量化高频榜。	
健康与医疗	hospital	n.	提供诊疗和住院服务的机构	be admitted to hospital	入院接受治疗	https://www.oxfordlearnersdictionaries.com/topic/category/health	沿用 Oxford/BC 公开主题分类作为覆盖范围依据；词形已与本地 Oxford 3000/5000 索引核对。中文义项与短搭配自行整理，不复制词典长释义或例句；不是按考试分数筛选的词表，也不是量化高频榜。	
健康与医疗	healthcare	n.	维持健康和治疗疾病的服务	access to healthcare	获得医疗服务的条件	https://www.oxfordlearnersdictionaries.com/topic/category/health	沿用 Oxford/BC 公开主题分类作为覆盖范围依据；词形已与本地 Oxford 3000/5000 索引核对。中文义项与短搭配自行整理，不复制词典长释义或例句；不是按考试分数筛选的词表，也不是量化高频榜。	
健康与医疗	hygiene	n.	保持清洁以维护健康的做法	good personal hygiene	良好的个人卫生	https://www.oxfordlearnersdictionaries.com/topic/category/health	沿用 Oxford/BC 公开主题分类作为覆盖范围依据；扩展词，待在线词形核对。中文义项与短搭配自行整理，不复制词典长释义或例句；不是按考试分数筛选的词表，也不是量化高频榜。	
健康与医疗	nutrient	n.	身体或生物生长活动所需的营养物质	essential nutrients	必需营养素	https://www.oxfordlearnersdictionaries.com/topic/category/health	沿用 Oxford/BC 公开主题分类作为覆盖范围依据；扩展词，待在线词形核对。中文义项与短搭配自行整理，不复制词典长释义或例句；不是按考试分数筛选的词表，也不是量化高频榜。	
健康与医疗	protein	n.	一类营养物质和构成身体组织的分子	a source of protein	蛋白质来源	https://www.oxfordlearnersdictionaries.com/topic/category/health	沿用 Oxford/BC 公开主题分类作为覆盖范围依据；词形已与本地 Oxford 3000/5000 索引核对。中文义项与短搭配自行整理，不复制词典长释义或例句；不是按考试分数筛选的词表，也不是量化高频榜。	
健康与医疗	fibre	n.	此处指食物中的膳食纤维；美式作 fiber	foods high in fibre	膳食纤维含量高的食物	https://www.oxfordlearnersdictionaries.com/topic/category/health	沿用 Oxford/BC 公开主题分类作为覆盖范围依据；词形已与本地 Oxford 3000/5000 索引核对。中文义项与短搭配自行整理，不复制词典长释义或例句；不是按考试分数筛选的词表，也不是量化高频榜。	
健康与医疗	calorie	n.	食物能量常用的计量单位	daily calorie intake	每日能量摄入	https://www.oxfordlearnersdictionaries.com/topic/category/health	沿用 Oxford/BC 公开主题分类作为覆盖范围依据；扩展词，待在线词形核对。中文义项与短搭配自行整理，不复制词典长释义或例句；不是按考试分数筛选的词表，也不是量化高频榜。	
健康与医疗	hydration	n.	身体获得和保持水分的状态或过程	maintain adequate hydration	保持适当的水分状态	https://www.oxfordlearnersdictionaries.com/topic/category/health	沿用 Oxford/BC 公开主题分类作为覆盖范围依据；扩展词，待在线词形核对。中文义项与短搭配自行整理，不复制词典长释义或例句；不是按考试分数筛选的词表，也不是量化高频榜。	
健康与医疗	metabolism	n.	生物体内维持生命的化学过程	the body's metabolism	身体的新陈代谢	https://www.oxfordlearnersdictionaries.com/topic/category/health	沿用 Oxford/BC 公开主题分类作为覆盖范围依据；扩展词，待在线词形核对。中文义项与短搭配自行整理，不复制词典长释义或例句；不是按考试分数筛选的词表，也不是量化高频榜。	
健康与医疗	immunity	n.	对特定感染等的免疫防御；另有豁免义	immunity to an infection	对某种感染的免疫力	https://www.oxfordlearnersdictionaries.com/topic/category/health	沿用 Oxford/BC 公开主题分类作为覆盖范围依据；扩展词，待在线词形核对。中文义项与短搭配自行整理，不复制词典长释义或例句；不是按考试分数筛选的词表，也不是量化高频榜。	
健康与医疗	acute	adj.	此处指突发或短期发展的疾病状态	an acute illness	急性疾病	https://www.oxfordlearnersdictionaries.com/topic/category/health	沿用 Oxford/BC 公开主题分类作为覆盖范围依据；词形已与本地 Oxford 3000/5000 索引核对。中文义项与短搭配自行整理，不复制词典长释义或例句；不是按考试分数筛选的词表，也不是量化高频榜。	acute 与 chronic 区分病程特点，不简单等于严重与轻微。
健康与医疗	contagious	adj.	可在人或生物之间传播的	a contagious disease	可传播的传染病	https://www.oxfordlearnersdictionaries.com/topic/category/health	沿用 Oxford/BC 公开主题分类作为覆盖范围依据；扩展词，待在线词形核对。中文义项与短搭配自行整理，不复制词典长释义或例句；不是按考试分数筛选的词表，也不是量化高频榜。	
城市与交通	resident	n.	居住在某地的人	local residents	当地居民	https://learnenglish.britishcouncil.org/free-resources/vocabulary/b1-b2/around-town	主题范围参考 Oxford/BC 公开主题页（2026-09-15 核对）；词形与本地 Oxford 3000/5000 索引一致。本条中文义项与短搭配为自行整理，不是词典释义或例句的逐条复制；词形核对不表示搭配频率验证或量化高频排名，不按目标分数删词。	
城市与交通	neighbourhood	n.	住所周围的街区；美式作 neighborhood	a quiet neighbourhood	安静的街区	https://learnenglish.britishcouncil.org/free-resources/vocabulary/b1-b2/around-town	主题范围参考 Oxford/BC 公开主题页（2026-09-15 核对）；词形与本地 Oxford 3000/5000 索引一致。本条中文义项与短搭配为自行整理，不是词典释义或例句的逐条复制；词形核对不表示搭配频率验证或量化高频排名，不按目标分数删词。	
城市与交通	suburb	n.	城市外围的住宅区	live in a suburb	住在郊区	https://learnenglish.britishcouncil.org/free-resources/vocabulary/b1-b2/around-town	主题范围参考 Oxford/BC 公开主题页（2026-09-15 核对）；词形与本地 Oxford 3000/5000 索引一致。本条中文义项与短搭配为自行整理，不是词典释义或例句的逐条复制；词形核对不表示搭配频率验证或量化高频排名，不按目标分数删词。	
城市与交通	urban	adj.	城市的	urban development	城市发展建设	https://learnenglish.britishcouncil.org/free-resources/vocabulary/b1-b2/around-town	主题范围参考 Oxford/BC 公开主题页（2026-09-15 核对）；词形与本地 Oxford 3000/5000 索引一致。本条中文义项与短搭配为自行整理，不是词典释义或例句的逐条复制；词形核对不表示搭配频率验证或量化高频排名，不按目标分数删词。	
城市与交通	rural	adj.	乡村的	rural communities	乡村社区	https://learnenglish.britishcouncil.org/free-resources/vocabulary/b1-b2/around-town	主题范围参考 Oxford/BC 公开主题页（2026-09-15 核对）；词形与本地 Oxford 3000/5000 索引一致。本条中文义项与短搭配为自行整理，不是词典释义或例句的逐条复制；词形核对不表示搭配频率验证或量化高频排名，不按目标分数删词。	
城市与交通	housing	n.	供居住的房屋；集合、通常不可数	affordable housing	负担得起的住房	https://learnenglish.britishcouncil.org/free-resources/vocabulary/b1-b2/around-town	主题范围参考 Oxford/BC 公开主题页（2026-09-15 核对）；词形与本地 Oxford 3000/5000 索引一致。本条中文义项与短搭配为自行整理，不是词典释义或例句的逐条复制；词形核对不表示搭配频率验证或量化高频排名，不按目标分数删词。	
城市与交通	infrastructure	n.	交通、水电等基本设施	invest in transport infrastructure	投资交通基础设施	https://learnenglish.britishcouncil.org/free-resources/vocabulary/b1-b2/around-town	主题范围参考 Oxford/BC 公开主题页（2026-09-15 核对）；词形与本地 Oxford 3000/5000 索引一致。本条中文义项与短搭配为自行整理，不是词典释义或例句的逐条复制；词形核对不表示搭配频率验证或量化高频排名，不按目标分数删词。	
城市与交通	facility	n.	为特定活动提供的设施	public sports facilities	公共体育设施	https://learnenglish.britishcouncil.org/free-resources/vocabulary/b1-b2/around-town	主题范围参考 Oxford/BC 公开主题页（2026-09-15 核对）；词形与本地 Oxford 3000/5000 索引一致。本条中文义项与短搭配为自行整理，不是词典释义或例句的逐条复制；词形核对不表示搭配频率验证或量化高频排名，不按目标分数删词。	
城市与交通	congestion	n.	道路等过度拥挤的状态	reduce traffic congestion	缓解交通拥堵	https://www.oxfordlearnersdictionaries.com/definition/english/congestion	主题范围参考 Oxford/BC 公开主题页（2026-09-15 核对）；扩展词的拼写已与 Oxford 词典在线词头核对。本条中文义项与短搭配为自行整理，不是词典释义或例句的逐条复制；词形核对不表示搭配频率验证或量化高频排名，不按目标分数删词。	
城市与交通	commute	v.	往返于住处与工作地点	commute by train	乘火车通勤	https://www.oxfordlearnersdictionaries.com/definition/english/commute_1	主题范围参考 Oxford/BC 公开主题页（2026-09-15 核对）；扩展词的拼写已与 Oxford 词典在线词头核对。本条中文义项与短搭配为自行整理，不是词典释义或例句的逐条复制；词形核对不表示搭配频率验证或量化高频排名，不按目标分数删词。	
城市与交通	pedestrian	n.	步行的人	a pedestrian crossing	人行横道	https://www.oxfordlearnersdictionaries.com/definition/english/pedestrian_1	主题范围参考 Oxford/BC 公开主题页（2026-09-15 核对）；扩展词的拼写已与 Oxford 词典在线词头核对。本条中文义项与短搭配为自行整理，不是词典释义或例句的逐条复制；词形核对不表示搭配频率验证或量化高频排名，不按目标分数删词。	
城市与交通	pavement	n.	英式：道路旁的人行道；美式常称 sidewalk	walk along the pavement	沿人行道行走	https://www.oxfordlearnersdictionaries.com/definition/english/pavement	主题范围参考 Oxford/BC 公开主题页（2026-09-15 核对）；扩展词的拼写已与 Oxford 词典在线词头核对。本条中文义项与短搭配为自行整理，不是词典释义或例句的逐条复制；词形核对不表示搭配频率验证或量化高频排名，不按目标分数删词。	
城市与交通	junction	n.	道路交汇处	a busy road junction	繁忙的道路交叉口	https://learnenglish.britishcouncil.org/free-resources/vocabulary/b1-b2/around-town	主题范围参考 Oxford/BC 公开主题页（2026-09-15 核对）；词形与本地 Oxford 3000/5000 索引一致。本条中文义项与短搭配为自行整理，不是词典释义或例句的逐条复制；词形核对不表示搭配频率验证或量化高频排名，不按目标分数删词。	
城市与交通	crossroads	n.	十字路口；形式以 s 结尾	turn left at the crossroads	在十字路口左转	https://www.oxfordlearnersdictionaries.com/definition/english/crossroads	主题范围参考 Oxford/BC 公开主题页（2026-09-15 核对）；扩展词的拼写已与 Oxford 词典在线词头核对。本条中文义项与短搭配为自行整理，不是词典释义或例句的逐条复制；词形核对不表示搭配频率验证或量化高频排名，不按目标分数删词。	
城市与交通	lane	n.	车道；也可指小路	a dedicated cycle lane	自行车专用道	https://learnenglish.britishcouncil.org/free-resources/vocabulary/b1-b2/around-town	主题范围参考 Oxford/BC 公开主题页（2026-09-15 核对）；词形与本地 Oxford 3000/5000 索引一致。本条中文义项与短搭配为自行整理，不是词典释义或例句的逐条复制；词形核对不表示搭配频率验证或量化高频排名，不按目标分数删词。	
城市与交通	route	n.	从一地到另一地的路线	plan a bus route	规划公交路线	https://learnenglish.britishcouncil.org/free-resources/vocabulary/b1-b2/around-town	主题范围参考 Oxford/BC 公开主题页（2026-09-15 核对）；词形与本地 Oxford 3000/5000 索引一致。本条中文义项与短搭配为自行整理，不是词典释义或例句的逐条复制；词形核对不表示搭配频率验证或量化高频排名，不按目标分数删词。	
城市与交通	fare	n.	乘坐交通工具的票价	pay the bus fare	付公交车费	https://learnenglish.britishcouncil.org/free-resources/vocabulary/b1-b2/around-town	主题范围参考 Oxford/BC 公开主题页（2026-09-15 核对）；词形与本地 Oxford 3000/5000 索引一致。本条中文义项与短搭配为自行整理，不是词典释义或例句的逐条复制；词形核对不表示搭配频率验证或量化高频排名，不按目标分数删词。	
城市与交通	timetable	n.	交通服务或课程的时刻表	check the train timetable	查看火车时刻表	https://www.oxfordlearnersdictionaries.com/definition/english/timetable_1	主题范围参考 Oxford/BC 公开主题页（2026-09-15 核对）；扩展词的拼写已与 Oxford 词典在线词头核对。本条中文义项与短搭配为自行整理，不是词典释义或例句的逐条复制；词形核对不表示搭配频率验证或量化高频排名，不按目标分数删词。	
城市与交通	platform	n.	车站站台；另有平台义	wait on the platform	在站台等候	https://learnenglish.britishcouncil.org/free-resources/vocabulary/b1-b2/around-town	主题范围参考 Oxford/BC 公开主题页（2026-09-15 核对）；词形与本地 Oxford 3000/5000 索引一致。本条中文义项与短搭配为自行整理，不是词典释义或例句的逐条复制；词形核对不表示搭配频率验证或量化高频排名，不按目标分数删词。	
城市与交通	passenger	n.	乘客	carry more passengers	运送更多乘客	https://learnenglish.britishcouncil.org/free-resources/vocabulary/b1-b2/around-town	主题范围参考 Oxford/BC 公开主题页（2026-09-15 核对）；词形与本地 Oxford 3000/5000 索引一致。本条中文义项与短搭配为自行整理，不是词典释义或例句的逐条复制；词形核对不表示搭配频率验证或量化高频排名，不按目标分数删词。	
城市与交通	vehicle	n.	汽车等运载工具	an electric vehicle	电动车辆	https://learnenglish.britishcouncil.org/free-resources/vocabulary/b1-b2/around-town	主题范围参考 Oxford/BC 公开主题页（2026-09-15 核对）；词形与本地 Oxford 3000/5000 索引一致。本条中文义项与短搭配为自行整理，不是词典释义或例句的逐条复制；词形核对不表示搭配频率验证或量化高频排名，不按目标分数删词。	
城市与交通	parking	n.	停车行为或停车空间	limited parking space	有限的停车空间	https://learnenglish.britishcouncil.org/free-resources/vocabulary/b1-b2/around-town	主题范围参考 Oxford/BC 公开主题页（2026-09-15 核对）；词形与本地 Oxford 3000/5000 索引一致。本条中文义项与短搭配为自行整理，不是词典释义或例句的逐条复制；词形核对不表示搭配频率验证或量化高频排名，不按目标分数删词。	
城市与交通	accessible	adj.	容易到达或使用的	wheelchair-accessible buses	轮椅可进入的公交车	https://learnenglish.britishcouncil.org/free-resources/vocabulary/b1-b2/around-town	主题范围参考 Oxford/BC 公开主题页（2026-09-15 核对）；词形与本地 Oxford 3000/5000 索引一致。本条中文义项与短搭配为自行整理，不是词典释义或例句的逐条复制；词形核对不表示搭配频率验证或量化高频排名，不按目标分数删词。	
城市与交通	maintain	v.	维护，使保持良好状态	maintain public roads	维护公共道路	https://learnenglish.britishcouncil.org/free-resources/vocabulary/b1-b2/around-town	主题范围参考 Oxford/BC 公开主题页（2026-09-15 核对）；词形与本地 Oxford 3000/5000 索引一致。本条中文义项与短搭配为自行整理，不是词典释义或例句的逐条复制；词形核对不表示搭配频率验证或量化高频排名，不按目标分数删词。	
城市与交通	expand	v.	扩大规模或范围	expand the rail network	扩建铁路网	https://learnenglish.britishcouncil.org/free-resources/vocabulary/b1-b2/around-town	主题范围参考 Oxford/BC 公开主题页（2026-09-15 核对）；词形与本地 Oxford 3000/5000 索引一致。本条中文义项与短搭配为自行整理，不是词典释义或例句的逐条复制；词形核对不表示搭配频率验证或量化高频排名，不按目标分数删词。	
城市与交通	density	n.	每单位面积内人或事物的数量	high population density	高人口密度	https://learnenglish.britishcouncil.org/free-resources/vocabulary/b1-b2/around-town	沿用 Oxford/BC 公开主题分类作为覆盖范围依据；词形已与本地 Oxford 3000/5000 索引核对。中文义项与短搭配自行整理，不复制词典长释义或例句；不是按考试分数筛选的词表，也不是量化高频榜。	
城市与交通	population	n.	某地居住的人口总数	a growing urban population	不断增长的城市人口	https://learnenglish.britishcouncil.org/free-resources/vocabulary/b1-b2/around-town	沿用 Oxford/BC 公开主题分类作为覆盖范围依据；词形已与本地 Oxford 3000/5000 索引核对。中文义项与短搭配自行整理，不复制词典长释义或例句；不是按考试分数筛选的词表，也不是量化高频榜。	
城市与交通	migration	n.	人群或动物从一地迁往另一地	rural-to-urban migration	从农村到城市的迁移	https://learnenglish.britishcouncil.org/free-resources/vocabulary/b1-b2/around-town	沿用 Oxford/BC 公开主题分类作为覆盖范围依据；词形已与本地 Oxford 3000/5000 索引核对。中文义项与短搭配自行整理，不复制词典长释义或例句；不是按考试分数筛选的词表，也不是量化高频榜。	
城市与交通	urbanisation	n.	人口和活动逐渐向城市集中的过程；美式常作 urbanization	rapid urbanisation	快速城市化	https://learnenglish.britishcouncil.org/free-resources/vocabulary/b1-b2/around-town	沿用 Oxford/BC 公开主题分类作为覆盖范围依据；扩展词，待在线词形核对。中文义项与短搭配自行整理，不复制词典长释义或例句；不是按考试分数筛选的词表，也不是量化高频榜。	
城市与交通	settlement	n.	人们集中居住的地方；另有协议义	a small coastal settlement	沿海小聚居地	https://learnenglish.britishcouncil.org/free-resources/vocabulary/b1-b2/around-town	沿用 Oxford/BC 公开主题分类作为覆盖范围依据；词形已与本地 Oxford 3000/5000 索引核对。中文义项与短搭配自行整理，不复制词典长释义或例句；不是按考试分数筛选的词表，也不是量化高频榜。	
城市与交通	district	n.	城市或地区内划分出的区域	a residential district	住宅区	https://learnenglish.britishcouncil.org/free-resources/vocabulary/b1-b2/around-town	沿用 Oxford/BC 公开主题分类作为覆盖范围依据；词形已与本地 Oxford 3000/5000 索引核对。中文义项与短搭配自行整理，不复制词典长释义或例句；不是按考试分数筛选的词表，也不是量化高频榜。	
城市与交通	municipality	n.	有本地自治管理机构的城镇或行政区	services provided by the municipality	市镇政府提供的服务	https://learnenglish.britishcouncil.org/free-resources/vocabulary/b1-b2/around-town	沿用 Oxford/BC 公开主题分类作为覆盖范围依据；扩展词，待在线词形核对。中文义项与短搭配自行整理，不复制词典长释义或例句；不是按考试分数筛选的词表，也不是量化高频榜。	
城市与交通	tenant	n.	租住或租用他人房产的人	protect tenants' rights	保护租户权益	https://learnenglish.britishcouncil.org/free-resources/vocabulary/b1-b2/around-town	沿用 Oxford/BC 公开主题分类作为覆盖范围依据；词形已与本地 Oxford 3000/5000 索引核对。中文义项与短搭配自行整理，不复制词典长释义或例句；不是按考试分数筛选的词表，也不是量化高频榜。	
城市与交通	landlord	n.	向他人出租房产的房东	contact the landlord	联系房东	https://learnenglish.britishcouncil.org/free-resources/vocabulary/b1-b2/around-town	沿用 Oxford/BC 公开主题分类作为覆盖范围依据；词形已与本地 Oxford 3000/5000 索引核对。中文义项与短搭配自行整理，不复制词典长释义或例句；不是按考试分数筛选的词表，也不是量化高频榜。	
城市与交通	rent	n.	使用他人房屋等支付的租金	pay monthly rent	按月交租金	https://learnenglish.britishcouncil.org/free-resources/vocabulary/b1-b2/around-town	沿用 Oxford/BC 公开主题分类作为覆盖范围依据；词形已与本地 Oxford 3000/5000 索引核对。中文义项与短搭配自行整理，不复制词典长释义或例句；不是按考试分数筛选的词表，也不是量化高频榜。	
城市与交通	mortgage	n.	以房产等作担保的贷款，通常用于购房	take out a mortgage	办理房屋抵押贷款	https://learnenglish.britishcouncil.org/free-resources/vocabulary/b1-b2/around-town	沿用 Oxford/BC 公开主题分类作为覆盖范围依据；词形已与本地 Oxford 3000/5000 索引核对。中文义项与短搭配自行整理，不复制词典长释义或例句；不是按考试分数筛选的词表，也不是量化高频榜。	
城市与交通	estate	n.	一片统一开发或管理的房地产；另有遗产义	a housing estate	集中开发的住宅区	https://learnenglish.britishcouncil.org/free-resources/vocabulary/b1-b2/around-town	沿用 Oxford/BC 公开主题分类作为覆盖范围依据；词形已与本地 Oxford 3000/5000 索引核对。中文义项与短搭配自行整理，不复制词典长释义或例句；不是按考试分数筛选的词表，也不是量化高频榜。	
城市与交通	skyscraper	n.	特别高的城市建筑	a modern skyscraper	现代摩天大楼	https://learnenglish.britishcouncil.org/free-resources/vocabulary/b1-b2/around-town	沿用 Oxford/BC 公开主题分类作为覆盖范围依据；扩展词，待在线词形核对。中文义项与短搭配自行整理，不复制词典长释义或例句；不是按考试分数筛选的词表，也不是量化高频榜。	
城市与交通	apartment	n.	较大建筑中独立的一套住房	rent a small apartment	租一套小公寓	https://learnenglish.britishcouncil.org/free-resources/vocabulary/b1-b2/around-town	沿用 Oxford/BC 公开主题分类作为覆盖范围依据；词形已与本地 Oxford 3000/5000 索引核对。中文义项与短搭配自行整理，不复制词典长释义或例句；不是按考试分数筛选的词表，也不是量化高频榜。	
城市与交通	demolition	n.	拆除建筑物的行为	the demolition of an old factory	旧厂房的拆除	https://learnenglish.britishcouncil.org/free-resources/vocabulary/b1-b2/around-town	沿用 Oxford/BC 公开主题分类作为覆盖范围依据；扩展词，待在线词形核对。中文义项与短搭配自行整理，不复制词典长释义或例句；不是按考试分数筛选的词表，也不是量化高频榜。	
城市与交通	renovation	n.	对现有建筑的修缮和更新	the renovation of public housing	公共住房翻修	https://learnenglish.britishcouncil.org/free-resources/vocabulary/b1-b2/around-town	沿用 Oxford/BC 公开主题分类作为覆盖范围依据；扩展词，待在线词形核对。中文义项与短搭配自行整理，不复制词典长释义或例句；不是按考试分数筛选的词表，也不是量化高频榜。	
城市与交通	construction	n.	建造建筑或基础设施的过程	road construction	道路施工	https://learnenglish.britishcouncil.org/free-resources/vocabulary/b1-b2/around-town	沿用 Oxford/BC 公开主题分类作为覆盖范围依据；词形已与本地 Oxford 3000/5000 索引核对。中文义项与短搭配自行整理，不复制词典长释义或例句；不是按考试分数筛选的词表，也不是量化高频榜。	
城市与交通	zoning	n.	按用途划定土地使用区域的规划	zoning regulations	土地分区用途规定	https://learnenglish.britishcouncil.org/free-resources/vocabulary/b1-b2/around-town	沿用 Oxford/BC 公开主题分类作为覆盖范围依据；扩展词，待在线词形核对。中文义项与短搭配自行整理，不复制词典长释义或例句；不是按考试分数筛选的词表，也不是量化高频榜。	
城市与交通	sewer	n.	输送污水等的地下管道	repair an underground sewer	修理地下污水管道	https://learnenglish.britishcouncil.org/free-resources/vocabulary/b1-b2/around-town	沿用 Oxford/BC 公开主题分类作为覆盖范围依据；扩展词，待在线词形核对。中文义项与短搭配自行整理，不复制词典长释义或例句；不是按考试分数筛选的词表，也不是量化高频榜。	
城市与交通	drainage	n.	排走多余水分的系统或过程	improve urban drainage	改善城市排水	https://learnenglish.britishcouncil.org/free-resources/vocabulary/b1-b2/around-town	沿用 Oxford/BC 公开主题分类作为覆盖范围依据；扩展词，待在线词形核对。中文义项与短搭配自行整理，不复制词典长释义或例句；不是按考试分数筛选的词表，也不是量化高频榜。	
城市与交通	intersection	n.	两条或多条道路交会的地点	a busy intersection	繁忙的交叉路口	https://learnenglish.britishcouncil.org/free-resources/vocabulary/b1-b2/around-town	沿用 Oxford/BC 公开主题分类作为覆盖范围依据；扩展词，待在线词形核对。中文义项与短搭配自行整理，不复制词典长释义或例句；不是按考试分数筛选的词表，也不是量化高频榜。	
城市与交通	roundabout	n.	车辆围绕中心区域通行的环形路口	take the second exit at the roundabout	在环岛的第二个出口驶出	https://learnenglish.britishcouncil.org/free-resources/vocabulary/b1-b2/around-town	沿用 Oxford/BC 公开主题分类作为覆盖范围依据；扩展词，待在线词形核对。中文义项与短搭配自行整理，不复制词典长释义或例句；不是按考试分数筛选的词表，也不是量化高频榜。	
城市与交通	bridge	n.	跨越河流、道路等的桥梁	build a pedestrian bridge	修建人行桥	https://learnenglish.britishcouncil.org/free-resources/vocabulary/b1-b2/around-town	沿用 Oxford/BC 公开主题分类作为覆盖范围依据；词形已与本地 Oxford 3000/5000 索引核对。中文义项与短搭配自行整理，不复制词典长释义或例句；不是按考试分数筛选的词表，也不是量化高频榜。	
城市与交通	tunnel	n.	穿过地下或山体的通道	a railway tunnel	铁路隧道	https://learnenglish.britishcouncil.org/free-resources/vocabulary/b1-b2/around-town	沿用 Oxford/BC 公开主题分类作为覆盖范围依据；词形已与本地 Oxford 3000/5000 索引核对。中文义项与短搭配自行整理，不复制词典长释义或例句；不是按考试分数筛选的词表，也不是量化高频榜。	
城市与交通	capacity	n.	空间、车辆或系统能够容纳或处理的上限	increase rail capacity	提升铁路运力	https://learnenglish.britishcouncil.org/free-resources/vocabulary/b1-b2/around-town	沿用 Oxford/BC 公开主题分类作为覆盖范围依据；词形已与本地 Oxford 3000/5000 索引核对。中文义项与短搭配自行整理，不复制词典长释义或例句；不是按考试分数筛选的词表，也不是量化高频榜。	
经济与消费	consumer	n.	购买或使用产品和服务的人	protect consumer rights	保护消费者权益	https://www.oxfordlearnersdictionaries.com/topic/category/work-and-business	主题范围参考 Oxford/BC 公开主题页（2026-09-15 核对）；词形与本地 Oxford 3000/5000 索引一致。本条中文义项与短搭配为自行整理，不是词典释义或例句的逐条复制；词形核对不表示搭配频率验证或量化高频排名，不按目标分数删词。	
经济与消费	customer	n.	某商店或企业的顾客	attract new customers	吸引新顾客	https://www.oxfordlearnersdictionaries.com/topic/category/work-and-business	主题范围参考 Oxford/BC 公开主题页（2026-09-15 核对）；词形与本地 Oxford 3000/5000 索引一致。本条中文义项与短搭配为自行整理，不是词典释义或例句的逐条复制；词形核对不表示搭配频率验证或量化高频排名，不按目标分数删词。	
经济与消费	purchase	v.	购买；此处为动词	purchase essential items	购买必需品	https://www.oxfordlearnersdictionaries.com/topic/category/work-and-business	主题范围参考 Oxford/BC 公开主题页（2026-09-15 核对）；词形与本地 Oxford 3000/5000 索引一致。本条中文义项与短搭配为自行整理，不是词典释义或例句的逐条复制；词形核对不表示搭配频率验证或量化高频排名，不按目标分数删词。	
经济与消费	afford	v.	有足够的钱或资源承担	afford a new laptop	买得起新笔记本电脑	https://www.oxfordlearnersdictionaries.com/topic/category/work-and-business	主题范围参考 Oxford/BC 公开主题页（2026-09-15 核对）；词形与本地 Oxford 3000/5000 索引一致。本条中文义项与短搭配为自行整理，不是词典释义或例句的逐条复制；词形核对不表示搭配频率验证或量化高频排名，不按目标分数删词。	
经济与消费	budget	n.	可支配或计划使用的资金	stay within a budget	不超出预算	https://www.oxfordlearnersdictionaries.com/topic/category/work-and-business	主题范围参考 Oxford/BC 公开主题页（2026-09-15 核对）；词形与本地 Oxford 3000/5000 索引一致。本条中文义项与短搭配为自行整理，不是词典释义或例句的逐条复制；词形核对不表示搭配频率验证或量化高频排名，不按目标分数删词。	
经济与消费	income	n.	个人或机构获得的收入	household income	家庭收入	https://www.oxfordlearnersdictionaries.com/topic/category/work-and-business	主题范围参考 Oxford/BC 公开主题页（2026-09-15 核对）；词形与本地 Oxford 3000/5000 索引一致。本条中文义项与短搭配为自行整理，不是词典释义或例句的逐条复制；词形核对不表示搭配频率验证或量化高频排名，不按目标分数删词。	
经济与消费	expenditure	n.	支出的钱或支出行为	public expenditure on education	公共教育支出	https://www.oxfordlearnersdictionaries.com/topic/category/work-and-business	主题范围参考 Oxford/BC 公开主题页（2026-09-15 核对）；词形与本地 Oxford 3000/5000 索引一致。本条中文义项与短搭配为自行整理，不是词典释义或例句的逐条复制；词形核对不表示搭配频率验证或量化高频排名，不按目标分数删词。	
经济与消费	savings	n. pl.	存下的钱；储蓄	build up savings	逐步积累储蓄	https://www.oxfordlearnersdictionaries.com/definition/english/saving	主题范围参考 Oxford/BC 公开主题页（2026-09-15 核对）；已核对 Oxford saving 词条中的复数 savings 储蓄义。本条中文义项与短搭配为自行整理，不是词典释义或例句的逐条复制；词形核对不表示搭配频率验证或量化高频排名，不按目标分数删词。	
经济与消费	debt	n.	欠款或负债	repay a debt	偿还债务	https://www.oxfordlearnersdictionaries.com/topic/category/work-and-business	主题范围参考 Oxford/BC 公开主题页（2026-09-15 核对）；词形与本地 Oxford 3000/5000 索引一致。本条中文义项与短搭配为自行整理，不是词典释义或例句的逐条复制；词形核对不表示搭配频率验证或量化高频排名，不按目标分数删词。	
经济与消费	loan	n.	借来的款项	take out a loan	申请取得贷款	https://www.oxfordlearnersdictionaries.com/topic/category/work-and-business	主题范围参考 Oxford/BC 公开主题页（2026-09-15 核对）；词形与本地 Oxford 3000/5000 索引一致。本条中文义项与短搭配为自行整理，不是词典释义或例句的逐条复制；词形核对不表示搭配频率验证或量化高频排名，不按目标分数删词。	
经济与消费	interest	n.	此处指借贷或储蓄的利息	pay interest on a loan	支付贷款利息	https://www.oxfordlearnersdictionaries.com/topic/category/work-and-business	主题范围参考 Oxford/BC 公开主题页（2026-09-15 核对）；词形与本地 Oxford 3000/5000 索引一致。本条中文义项与短搭配为自行整理，不是词典释义或例句的逐条复制；词形核对不表示搭配频率验证或量化高频排名，不按目标分数删词。	
经济与消费	inflation	n.	整体物价水平持续上涨	a rise in inflation	通胀上升	https://www.oxfordlearnersdictionaries.com/topic/category/work-and-business	主题范围参考 Oxford/BC 公开主题页（2026-09-15 核对）；词形与本地 Oxford 3000/5000 索引一致。本条中文义项与短搭配为自行整理，不是词典释义或例句的逐条复制；词形核对不表示搭配频率验证或量化高频排名，不按目标分数删词。	
经济与消费	demand	n.	对商品或服务的需求	growing demand for housing	不断增长的住房需求	https://www.oxfordlearnersdictionaries.com/topic/category/work-and-business	主题范围参考 Oxford/BC 公开主题页（2026-09-15 核对）；词形与本地 Oxford 3000/5000 索引一致。本条中文义项与短搭配为自行整理，不是词典释义或例句的逐条复制；词形核对不表示搭配频率验证或量化高频排名，不按目标分数删词。	
经济与消费	supply	n.	可提供的商品数量或供应	a limited supply of goods	有限的商品供应	https://www.oxfordlearnersdictionaries.com/topic/category/work-and-business	主题范围参考 Oxford/BC 公开主题页（2026-09-15 核对）；词形与本地 Oxford 3000/5000 索引一致。本条中文义项与短搭配为自行整理，不是词典释义或例句的逐条复制；词形核对不表示搭配频率验证或量化高频排名，不按目标分数删词。	
经济与消费	profit	n.	收入扣除成本后的利润	make a profit	获得利润	https://www.oxfordlearnersdictionaries.com/topic/category/work-and-business	主题范围参考 Oxford/BC 公开主题页（2026-09-15 核对）；词形与本地 Oxford 3000/5000 索引一致。本条中文义项与短搭配为自行整理，不是词典释义或例句的逐条复制；词形核对不表示搭配频率验证或量化高频排名，不按目标分数删词。	
经济与消费	revenue	n.	企业销售或政府税收等总收入，未必扣成本	generate sales revenue	产生销售收入	https://www.oxfordlearnersdictionaries.com/topic/category/work-and-business	主题范围参考 Oxford/BC 公开主题页（2026-09-15 核对）；词形与本地 Oxford 3000/5000 索引一致。本条中文义项与短搭配为自行整理，不是词典释义或例句的逐条复制；词形核对不表示搭配频率验证或量化高频排名，不按目标分数删词。	
经济与消费	tax	n.	依法向政府缴纳的税款	pay income tax	缴纳所得税	https://www.oxfordlearnersdictionaries.com/topic/category/work-and-business	主题范围参考 Oxford/BC 公开主题页（2026-09-15 核对）；词形与本地 Oxford 3000/5000 索引一致。本条中文义项与短搭配为自行整理，不是词典释义或例句的逐条复制；词形核对不表示搭配频率验证或量化高频排名，不按目标分数删词。	
经济与消费	subsidy	n.	政府等提供的补贴	a government subsidy	政府补贴	https://www.oxfordlearnersdictionaries.com/topic/category/work-and-business	主题范围参考 Oxford/BC 公开主题页（2026-09-15 核对）；词形与本地 Oxford 3000/5000 索引一致。本条中文义项与短搭配为自行整理，不是词典释义或例句的逐条复制；词形核对不表示搭配频率验证或量化高频排名，不按目标分数删词。	
经济与消费	investment	n.	投入资金以获取未来收益或改善	investment in new equipment	对新设备的投资	https://www.oxfordlearnersdictionaries.com/topic/category/work-and-business	主题范围参考 Oxford/BC 公开主题页（2026-09-15 核对）；词形与本地 Oxford 3000/5000 索引一致。本条中文义项与短搭配为自行整理，不是词典释义或例句的逐条复制；词形核对不表示搭配频率验证或量化高频排名，不按目标分数删词。	
经济与消费	retailer	n.	直接向消费者售货的零售商	an online retailer	网络零售商	https://www.oxfordlearnersdictionaries.com/definition/english/retailer	主题范围参考 Oxford/BC 公开主题页（2026-09-15 核对）；扩展词的拼写已与 Oxford 词典在线词头核对。本条中文义项与短搭配为自行整理，不是词典释义或例句的逐条复制；词形核对不表示搭配频率验证或量化高频排名，不按目标分数删词。	
经济与消费	discount	n.	原价基础上的减价	offer a discount	提供折扣	https://www.oxfordlearnersdictionaries.com/topic/category/work-and-business	主题范围参考 Oxford/BC 公开主题页（2026-09-15 核对）；词形与本地 Oxford 3000/5000 索引一致。本条中文义项与短搭配为自行整理，不是词典释义或例句的逐条复制；词形核对不表示搭配频率验证或量化高频排名，不按目标分数删词。	
经济与消费	refund	n.	退还的款项	request a refund	要求退款	https://www.oxfordlearnersdictionaries.com/definition/english/refund_1	主题范围参考 Oxford/BC 公开主题页（2026-09-15 核对）；扩展词的拼写已与 Oxford 词典在线词头核对。本条中文义项与短搭配为自行整理，不是词典释义或例句的逐条复制；词形核对不表示搭配频率验证或量化高频排名，不按目标分数删词。	
经济与消费	receipt	n.	付款后获得的收据	keep the receipt	保留收据	https://www.oxfordlearnersdictionaries.com/topic/category/work-and-business	主题范围参考 Oxford/BC 公开主题页（2026-09-15 核对）；词形与本地 Oxford 3000/5000 索引一致。本条中文义项与短搭配为自行整理，不是词典释义或例句的逐条复制；词形核对不表示搭配频率验证或量化高频排名，不按目标分数删词。	
经济与消费	durable	adj.	能用较长时间、不易损坏的	durable household goods	耐用家居用品	https://www.oxfordlearnersdictionaries.com/definition/english/durable	主题范围参考 Oxford/BC 公开主题页（2026-09-15 核对）；扩展词的拼写已与 Oxford 词典在线词头核对。本条中文义项与短搭配为自行整理，不是词典释义或例句的逐条复制；词形核对不表示搭配频率验证或量化高频排名，不按目标分数删词。	
经济与消费	impulse	n.	突然产生、未充分考虑的冲动	buy something on impulse	一时冲动买东西	https://www.oxfordlearnersdictionaries.com/definition/english/impulse	主题范围参考 Oxford/BC 公开主题页（2026-09-15 核对）；扩展词的拼写已与 Oxford 词典在线词头核对。本条中文义项与短搭配为自行整理，不是词典释义或例句的逐条复制；词形核对不表示搭配频率验证或量化高频排名，不按目标分数删词。	
经济与消费	economy	n.	一个地区生产、贸易与消费等活动的整体	a growing economy	正在增长的经济体	https://www.oxfordlearnersdictionaries.com/topic/category/work-and-business	沿用 Oxford/BC 公开主题分类作为覆盖范围依据；词形已与本地 Oxford 3000/5000 索引核对。中文义项与短搭配自行整理，不复制词典长释义或例句；不是按考试分数筛选的词表，也不是量化高频榜。	
经济与消费	economic	adj.	与经济活动有关的	economic development	经济发展	https://www.oxfordlearnersdictionaries.com/topic/category/work-and-business	沿用 Oxford/BC 公开主题分类作为覆盖范围依据；词形已与本地 Oxford 3000/5000 索引核对。中文义项与短搭配自行整理，不复制词典长释义或例句；不是按考试分数筛选的词表，也不是量化高频榜。	economic 是经济的；economical 常表示节省钱或资源的。
经济与消费	economical	adj.	使用时较省钱或资源的	an economical way to travel	较省钱的出行方式	https://www.oxfordlearnersdictionaries.com/topic/category/work-and-business	沿用 Oxford/BC 公开主题分类作为覆盖范围依据；扩展词，待在线词形核对。中文义项与短搭配自行整理，不复制词典长释义或例句；不是按考试分数筛选的词表，也不是量化高频榜。	
经济与消费	affordable	adj.	费用在能够承担的范围内的	affordable basic goods	负担得起的基本商品	https://www.oxfordlearnersdictionaries.com/topic/category/work-and-business	沿用 Oxford/BC 公开主题分类作为覆盖范围依据；词形已与本地 Oxford 3000/5000 索引核对。中文义项与短搭配自行整理，不复制词典长释义或例句；不是按考试分数筛选的词表，也不是量化高频榜。	
经济与消费	consumption	n.	商品、服务或资源的使用	household consumption	家庭消费	https://www.oxfordlearnersdictionaries.com/topic/category/work-and-business	沿用 Oxford/BC 公开主题分类作为覆盖范围依据；词形已与本地 Oxford 3000/5000 索引核对。中文义项与短搭配自行整理，不复制词典长释义或例句；不是按考试分数筛选的词表，也不是量化高频榜。	
经济与消费	productivity	n.	单位投入产生的产出水平	improve labour productivity	提高劳动生产率	https://www.oxfordlearnersdictionaries.com/topic/category/work-and-business	沿用 Oxford/BC 公开主题分类作为覆盖范围依据；词形已与本地 Oxford 3000/5000 索引核对。中文义项与短搭配自行整理，不复制词典长释义或例句；不是按考试分数筛选的词表，也不是量化高频榜。	
经济与消费	competition	n.	争取同一顾客、资源或机会的竞争	competition between retailers	零售商之间的竞争	https://www.oxfordlearnersdictionaries.com/topic/category/work-and-business	沿用 Oxford/BC 公开主题分类作为覆盖范围依据；词形已与本地 Oxford 3000/5000 索引核对。中文义项与短搭配自行整理，不复制词典长释义或例句；不是按考试分数筛选的词表，也不是量化高频榜。	
经济与消费	monopoly	n.	某主体独占或支配一个市场的情况	a monopoly on local services	对当地服务的垄断	https://www.oxfordlearnersdictionaries.com/topic/category/work-and-business	沿用 Oxford/BC 公开主题分类作为覆盖范围依据；词形已与本地 Oxford 3000/5000 索引核对。中文义项与短搭配自行整理，不复制词典长释义或例句；不是按考试分数筛选的词表，也不是量化高频榜。	
经济与消费	regulation	n.	约束活动的规则或监管过程	consumer protection regulations	消费者保护规定	https://www.oxfordlearnersdictionaries.com/topic/category/work-and-business	沿用 Oxford/BC 公开主题分类作为覆盖范围依据；词形已与本地 Oxford 3000/5000 索引核对。中文义项与短搭配自行整理，不复制词典长释义或例句；不是按考试分数筛选的词表，也不是量化高频榜。	
经济与消费	exchange rate	n.	一种货币兑换另一种货币的比率	a change in the exchange rate	汇率变化	https://www.oxfordlearnersdictionaries.com/topic/category/work-and-business	沿用 Oxford/BC 公开主题分类作为覆盖范围依据；扩展词，待在线词形核对。中文义项与短搭配自行整理，不复制词典长释义或例句；不是按考试分数筛选的词表，也不是量化高频榜。	
经济与消费	recession	n.	经济活动明显收缩的一段时期	an economic recession	经济衰退	https://www.oxfordlearnersdictionaries.com/topic/category/work-and-business	沿用 Oxford/BC 公开主题分类作为覆盖范围依据；词形已与本地 Oxford 3000/5000 索引核对。中文义项与短搭配自行整理，不复制词典长释义或例句；不是按考试分数筛选的词表，也不是量化高频榜。	
经济与消费	growth	n.	规模或数量的增加	sustained economic growth	持续的经济增长	https://www.oxfordlearnersdictionaries.com/topic/category/work-and-business	沿用 Oxford/BC 公开主题分类作为覆盖范围依据；词形已与本地 Oxford 3000/5000 索引核对。中文义项与短搭配自行整理，不复制词典长释义或例句；不是按考试分数筛选的词表，也不是量化高频榜。	
经济与消费	shortage	n.	可获得的数量低于需要	a shortage of essential goods	必需品短缺	https://www.oxfordlearnersdictionaries.com/topic/category/work-and-business	沿用 Oxford/BC 公开主题分类作为覆盖范围依据；词形已与本地 Oxford 3000/5000 索引核对。中文义项与短搭配自行整理，不复制词典长释义或例句；不是按考试分数筛选的词表，也不是量化高频榜。	
经济与消费	surplus	n.	超出需求或支出的余额	a budget surplus	预算盈余	https://www.oxfordlearnersdictionaries.com/topic/category/work-and-business	沿用 Oxford/BC 公开主题分类作为覆盖范围依据；词形已与本地 Oxford 3000/5000 索引核对。中文义项与短搭配自行整理，不复制词典长释义或例句；不是按考试分数筛选的词表，也不是量化高频榜。	
经济与消费	deficit	n.	支出超出收入等造成的缺口	a budget deficit	预算赤字	https://www.oxfordlearnersdictionaries.com/topic/category/work-and-business	沿用 Oxford/BC 公开主题分类作为覆盖范围依据；词形已与本地 Oxford 3000/5000 索引核对。中文义项与短搭配自行整理，不复制词典长释义或例句；不是按考试分数筛选的词表，也不是量化高频榜。	
经济与消费	import	n.	从其他国家购入的商品；此处为名词	reduce food imports	减少食品进口	https://www.oxfordlearnersdictionaries.com/topic/category/work-and-business	沿用 Oxford/BC 公开主题分类作为覆盖范围依据；词形已与本地 Oxford 3000/5000 索引核对。中文义项与短搭配自行整理，不复制词典长释义或例句；不是按考试分数筛选的词表，也不是量化高频榜。	
经济与消费	export	n.	向其他国家出售的商品；此处为名词	agricultural exports	农产品出口	https://www.oxfordlearnersdictionaries.com/topic/category/work-and-business	沿用 Oxford/BC 公开主题分类作为覆盖范围依据；词形已与本地 Oxford 3000/5000 索引核对。中文义项与短搭配自行整理，不复制词典长释义或例句；不是按考试分数筛选的词表，也不是量化高频榜。	
经济与消费	tariff	n.	对进口或出口商品征收的关税等	a tariff on imported steel	对进口钢铁征收的关税	https://www.oxfordlearnersdictionaries.com/topic/category/work-and-business	沿用 Oxford/BC 公开主题分类作为覆盖范围依据；扩展词，待在线词形核对。中文义项与短搭配自行整理，不复制词典长释义或例句；不是按考试分数筛选的词表，也不是量化高频榜。	
经济与消费	trade	n.	商品或服务的买卖	international trade	国际贸易	https://www.oxfordlearnersdictionaries.com/topic/category/work-and-business	沿用 Oxford/BC 公开主题分类作为覆盖范围依据；词形已与本地 Oxford 3000/5000 索引核对。中文义项与短搭配自行整理，不复制词典长释义或例句；不是按考试分数筛选的词表，也不是量化高频榜。	
经济与消费	transaction	n.	一次付款、交易或业务往来	complete an online transaction	完成网上交易	https://www.oxfordlearnersdictionaries.com/topic/category/work-and-business	沿用 Oxford/BC 公开主题分类作为覆盖范围依据；词形已与本地 Oxford 3000/5000 索引核对。中文义项与短搭配自行整理，不复制词典长释义或例句；不是按考试分数筛选的词表，也不是量化高频榜。	
经济与消费	expense	n.	为某事花费的费用	cover essential living expenses	支付基本生活开支	https://www.oxfordlearnersdictionaries.com/topic/category/work-and-business	沿用 Oxford/BC 公开主题分类作为覆盖范围依据；词形已与本地 Oxford 3000/5000 索引核对。中文义项与短搭配自行整理，不复制词典长释义或例句；不是按考试分数筛选的词表，也不是量化高频榜。	
经济与消费	value	n.	某物的价值或对付出而言的效用	good value for money	物有所值	https://www.oxfordlearnersdictionaries.com/topic/category/work-and-business	沿用 Oxford/BC 公开主题分类作为覆盖范围依据；词形已与本地 Oxford 3000/5000 索引核对。中文义项与短搭配自行整理，不复制词典长释义或例句；不是按考试分数筛选的词表，也不是量化高频榜。	
经济与消费	bargain	n.	以较低价格买到的划算商品	find a bargain	找到划算的商品	https://www.oxfordlearnersdictionaries.com/topic/category/work-and-business	沿用 Oxford/BC 公开主题分类作为覆盖范围依据；词形已与本地 Oxford 3000/5000 索引核对。中文义项与短搭配自行整理，不复制词典长释义或例句；不是按考试分数筛选的词表，也不是量化高频榜。	
经济与消费	instalment	n.	分期付款中的一期款项；美式作 installment	pay in monthly instalments	按月分期付款	https://www.oxfordlearnersdictionaries.com/topic/category/work-and-business	沿用 Oxford/BC 公开主题分类作为覆盖范围依据；扩展词，待在线词形核对。中文义项与短搭配自行整理，不复制词典长释义或例句；不是按考试分数筛选的词表，也不是量化高频榜。	
经济与消费	poverty	n.	缺乏满足基本生活需要资源的状态	reduce child poverty	减少儿童贫困	https://www.oxfordlearnersdictionaries.com/topic/category/work-and-business	沿用 Oxford/BC 公开主题分类作为覆盖范围依据；词形已与本地 Oxford 3000/5000 索引核对。中文义项与短搭配自行整理，不复制词典长释义或例句；不是按考试分数筛选的词表，也不是量化高频榜。	
家庭与社会	household	n.	共同生活的一户人；不一定都是亲属	a single-person household	独居的一人户	https://www.oxfordlearnersdictionaries.com/topic/family-and-relationships	主题范围参考 Oxford/BC 公开主题页（2026-09-15 核对）；词形与本地 Oxford 3000/5000 索引一致。本条中文义项与短搭配为自行整理，不是词典释义或例句的逐条复制；词形核对不表示搭配频率验证或量化高频排名，不按目标分数删词。	
家庭与社会	relative	n.	亲属；此处不取相对的形容词义	visit elderly relatives	探望年长的亲属	https://www.oxfordlearnersdictionaries.com/topic/family-and-relationships	主题范围参考 Oxford/BC 公开主题页（2026-09-15 核对）；词形与本地 Oxford 3000/5000 索引一致。本条中文义项与短搭配为自行整理，不是词典释义或例句的逐条复制；词形核对不表示搭配频率验证或量化高频排名，不按目标分数删词。	
家庭与社会	generation	n.	同一时期出生的一代人	the younger generation	年轻一代	https://www.oxfordlearnersdictionaries.com/topic/family-and-relationships	主题范围参考 Oxford/BC 公开主题页（2026-09-15 核对）；词形与本地 Oxford 3000/5000 索引一致。本条中文义项与短搭配为自行整理，不是词典释义或例句的逐条复制；词形核对不表示搭配频率验证或量化高频排名，不按目标分数删词。	
家庭与社会	childhood	n.	童年时期	childhood experiences	童年经历	https://www.oxfordlearnersdictionaries.com/topic/family-and-relationships	主题范围参考 Oxford/BC 公开主题页（2026-09-15 核对）；词形与本地 Oxford 3000/5000 索引一致。本条中文义项与短搭配为自行整理，不是词典释义或例句的逐条复制；词形核对不表示搭配频率验证或量化高频排名，不按目标分数删词。	
家庭与社会	adolescent	n.	青少年；也可作形容词	support adolescents	支持青少年	https://www.oxfordlearnersdictionaries.com/topic/family-and-relationships	主题范围参考 Oxford/BC 公开主题页（2026-09-15 核对）；词形与本地 Oxford 3000/5000 索引一致。本条中文义项与短搭配为自行整理，不是词典释义或例句的逐条复制；词形核对不表示搭配频率验证或量化高频排名，不按目标分数删词。	
家庭与社会	parenting	n.	抚育和教育子女的过程	share parenting responsibilities	分担育儿责任	https://www.oxfordlearnersdictionaries.com/definition/english/parenting	主题范围参考 Oxford/BC 公开主题页（2026-09-15 核对）；扩展词的拼写已与 Oxford 词典在线词头核对。本条中文义项与短搭配为自行整理，不是词典释义或例句的逐条复制；词形核对不表示搭配频率验证或量化高频排名，不按目标分数删词。	
家庭与社会	childcare	n.	对儿童的照料	access to affordable childcare	获得负担得起的托育服务	https://www.oxfordlearnersdictionaries.com/definition/english/childcare	主题范围参考 Oxford/BC 公开主题页（2026-09-15 核对）；扩展词的拼写已与 Oxford 词典在线词头核对。本条中文义项与短搭配为自行整理，不是词典释义或例句的逐条复制；词形核对不表示搭配频率验证或量化高频排名，不按目标分数删词。	
家庭与社会	upbringing	n.	一个人儿时受到的养育和教育	a supportive upbringing	有支持与关爱的成长环境	https://www.oxfordlearnersdictionaries.com/definition/english/upbringing	主题范围参考 Oxford/BC 公开主题页（2026-09-15 核对）；扩展词的拼写已与 Oxford 词典在线词头核对。本条中文义项与短搭配为自行整理，不是词典释义或例句的逐条复制；词形核对不表示搭配频率验证或量化高频排名，不按目标分数删词。	
家庭与社会	relationship	n.	人与人之间的关系	build a strong relationship	建立稳固的关系	https://www.oxfordlearnersdictionaries.com/topic/family-and-relationships	主题范围参考 Oxford/BC 公开主题页（2026-09-15 核对）；词形与本地 Oxford 3000/5000 索引一致。本条中文义项与短搭配为自行整理，不是词典释义或例句的逐条复制；词形核对不表示搭配频率验证或量化高频排名，不按目标分数删词。	
家庭与社会	friendship	n.	朋友间的情谊	maintain a close friendship	维持亲密友谊	https://www.oxfordlearnersdictionaries.com/topic/family-and-relationships	主题范围参考 Oxford/BC 公开主题页（2026-09-15 核对）；词形与本地 Oxford 3000/5000 索引一致。本条中文义项与短搭配为自行整理，不是词典释义或例句的逐条复制；词形核对不表示搭配频率验证或量化高频排名，不按目标分数删词。	
家庭与社会	community	n.	同住一地或有共同联系的群体	serve the local community	服务当地社区	https://www.oxfordlearnersdictionaries.com/topic/family-and-relationships	主题范围参考 Oxford/BC 公开主题页（2026-09-15 核对）；词形与本地 Oxford 3000/5000 索引一致。本条中文义项与短搭配为自行整理，不是词典释义或例句的逐条复制；词形核对不表示搭配频率验证或量化高频排名，不按目标分数删词。	
家庭与社会	volunteer	v.	自愿参加、不为报酬工作	volunteer at a community centre	在社区中心做志愿服务	https://www.oxfordlearnersdictionaries.com/topic/family-and-relationships	主题范围参考 Oxford/BC 公开主题页（2026-09-15 核对）；词形与本地 Oxford 3000/5000 索引一致。本条中文义项与短搭配为自行整理，不是词典释义或例句的逐条复制；词形核对不表示搭配频率验证或量化高频排名，不按目标分数删词。	
家庭与社会	charity	n.	慈善组织；也可指慈善行为	donate to a charity	向慈善组织捐款	https://www.oxfordlearnersdictionaries.com/topic/family-and-relationships	主题范围参考 Oxford/BC 公开主题页（2026-09-15 核对）；词形与本地 Oxford 3000/5000 索引一致。本条中文义项与短搭配为自行整理，不是词典释义或例句的逐条复制；词形核对不表示搭配频率验证或量化高频排名，不按目标分数删词。	
家庭与社会	equality	n.	地位、权利或机会方面的平等	promote gender equality	促进性别平等	https://www.oxfordlearnersdictionaries.com/topic/family-and-relationships	主题范围参考 Oxford/BC 公开主题页（2026-09-15 核对）；词形与本地 Oxford 3000/5000 索引一致。本条中文义项与短搭配为自行整理，不是词典释义或例句的逐条复制；词形核对不表示搭配频率验证或量化高频排名，不按目标分数删词。	
家庭与社会	inequality	n.	权利、机会或资源分配不平等	reduce social inequality	减少社会不平等	https://www.oxfordlearnersdictionaries.com/topic/family-and-relationships	主题范围参考 Oxford/BC 公开主题页（2026-09-15 核对）；词形与本地 Oxford 3000/5000 索引一致。本条中文义项与短搭配为自行整理，不是词典释义或例句的逐条复制；词形核对不表示搭配频率验证或量化高频排名，不按目标分数删词。	
家庭与社会	discrimination	n.	因某种身份而受到不公平对待	prevent workplace discrimination	防止职场歧视	https://www.oxfordlearnersdictionaries.com/topic/family-and-relationships	主题范围参考 Oxford/BC 公开主题页（2026-09-15 核对）；词形与本地 Oxford 3000/5000 索引一致。本条中文义项与短搭配为自行整理，不是词典释义或例句的逐条复制；词形核对不表示搭配频率验证或量化高频排名，不按目标分数删词。	
家庭与社会	inclusion	n.	使不同人都能参与并被接纳	promote social inclusion	促进社会包容与参与	https://www.oxfordlearnersdictionaries.com/topic/family-and-relationships	主题范围参考 Oxford/BC 公开主题页（2026-09-15 核对）；词形与本地 Oxford 3000/5000 索引一致。本条中文义项与短搭配为自行整理，不是词典释义或例句的逐条复制；词形核对不表示搭配频率验证或量化高频排名，不按目标分数删词。	
家庭与社会	isolation	n.	缺少与他人联系的状态	reduce social isolation	减少社会孤立	https://www.oxfordlearnersdictionaries.com/topic/family-and-relationships	主题范围参考 Oxford/BC 公开主题页（2026-09-15 核对）；词形与本地 Oxford 3000/5000 索引一致。本条中文义项与短搭配为自行整理，不是词典释义或例句的逐条复制；词形核对不表示搭配频率验证或量化高频排名，不按目标分数删词。	
家庭与社会	belonging	n.	被某个群体接纳的归属感	a sense of belonging	归属感	https://www.oxfordlearnersdictionaries.com/definition/english/belonging	主题范围参考 Oxford/BC 公开主题页（2026-09-15 核对）；扩展词的拼写已与 Oxford 词典在线词头核对。本条中文义项与短搭配为自行整理，不是词典释义或例句的逐条复制；词形核对不表示搭配频率验证或量化高频排名，不按目标分数删词。	
家庭与社会	trust	n.	对某人或某事的信任	build mutual trust	建立相互信任	https://www.oxfordlearnersdictionaries.com/topic/family-and-relationships	主题范围参考 Oxford/BC 公开主题页（2026-09-15 核对）；词形与本地 Oxford 3000/5000 索引一致。本条中文义项与短搭配为自行整理，不是词典释义或例句的逐条复制；词形核对不表示搭配频率验证或量化高频排名，不按目标分数删词。	
家庭与社会	conflict	n.	意见、利益或行为的冲突	resolve a family conflict	解决家庭矛盾	https://www.oxfordlearnersdictionaries.com/topic/family-and-relationships	主题范围参考 Oxford/BC 公开主题页（2026-09-15 核对）；词形与本地 Oxford 3000/5000 索引一致。本条中文义项与短搭配为自行整理，不是词典释义或例句的逐条复制；词形核对不表示搭配频率验证或量化高频排名，不按目标分数删词。	
家庭与社会	cooperation	n.	共同努力完成某事	encourage cooperation	鼓励合作	https://www.oxfordlearnersdictionaries.com/definition/english/cooperation	主题范围参考 Oxford/BC 公开主题页（2026-09-15 核对）；扩展词的拼写已与 Oxford 词典在线词头核对。本条中文义项与短搭配为自行整理，不是词典释义或例句的逐条复制；词形核对不表示搭配频率验证或量化高频排名，不按目标分数删词。	
家庭与社会	respect	n.	对他人的重视和尊重	show respect for others	尊重他人	https://www.oxfordlearnersdictionaries.com/topic/family-and-relationships	主题范围参考 Oxford/BC 公开主题页（2026-09-15 核对）；词形与本地 Oxford 3000/5000 索引一致。本条中文义项与短搭配为自行整理，不是词典释义或例句的逐条复制；词形核对不表示搭配频率验证或量化高频排名，不按目标分数删词。	
家庭与社会	support	v.	给予实际或情感帮助	support an elderly neighbour	帮助一位年长邻居	https://www.oxfordlearnersdictionaries.com/topic/family-and-relationships	主题范围参考 Oxford/BC 公开主题页（2026-09-15 核对）；词形与本地 Oxford 3000/5000 索引一致。本条中文义项与短搭配为自行整理，不是词典释义或例句的逐条复制；词形核对不表示搭配频率验证或量化高频排名，不按目标分数删词。	
家庭与社会	tradition	n.	长期传承的做法或观念	pass on family traditions	传承家庭传统	https://www.oxfordlearnersdictionaries.com/topic/family-and-relationships	主题范围参考 Oxford/BC 公开主题页（2026-09-15 核对）；词形与本地 Oxford 3000/5000 索引一致。本条中文义项与短搭配为自行整理，不是词典释义或例句的逐条复制；词形核对不表示搭配频率验证或量化高频排名，不按目标分数删词。	
家庭与社会	sibling	n.	兄弟或姐妹	care for younger siblings	照顾弟弟妹妹	https://www.oxfordlearnersdictionaries.com/topic/family-and-relationships	沿用 Oxford/BC 公开主题分类作为覆盖范围依据；词形已与本地 Oxford 3000/5000 索引核对。中文义项与短搭配自行整理，不复制词典长释义或例句；不是按考试分数筛选的词表，也不是量化高频榜。	
家庭与社会	spouse	n.	配偶	live with a spouse	与配偶共同生活	https://www.oxfordlearnersdictionaries.com/topic/family-and-relationships	沿用 Oxford/BC 公开主题分类作为覆盖范围依据；词形已与本地 Oxford 3000/5000 索引核对。中文义项与短搭配自行整理，不复制词典长释义或例句；不是按考试分数筛选的词表，也不是量化高频榜。	
家庭与社会	partner	n.	伴侣；也可指合作伙伴	a long-term partner	长期伴侣	https://www.oxfordlearnersdictionaries.com/topic/family-and-relationships	沿用 Oxford/BC 公开主题分类作为覆盖范围依据；词形已与本地 Oxford 3000/5000 索引核对。中文义项与短搭配自行整理，不复制词典长释义或例句；不是按考试分数筛选的词表，也不是量化高频榜。	
家庭与社会	guardian	n.	依法或实际承担照顾职责的监护人	a child's legal guardian	儿童的法定监护人	https://www.oxfordlearnersdictionaries.com/topic/family-and-relationships	沿用 Oxford/BC 公开主题分类作为覆盖范围依据；扩展词，待在线词形核对。中文义项与短搭配自行整理，不复制词典长释义或例句；不是按考试分数筛选的词表，也不是量化高频榜。	
家庭与社会	foster	v.	此处指寄养照顾儿童；另有促进义	foster a child	寄养照顾一名儿童	https://www.oxfordlearnersdictionaries.com/topic/family-and-relationships	沿用 Oxford/BC 公开主题分类作为覆盖范围依据；词形已与本地 Oxford 3000/5000 索引核对。中文义项与短搭配自行整理，不复制词典长释义或例句；不是按考试分数筛选的词表，也不是量化高频榜。	寄养不自动等于正式收养；adopt 表示收养时承担的法律关系不同。
家庭与社会	adopt	v.	正式收养；另有采纳方法或政策义	adopt a child	收养一名儿童	https://www.oxfordlearnersdictionaries.com/topic/family-and-relationships	沿用 Oxford/BC 公开主题分类作为覆盖范围依据；词形已与本地 Oxford 3000/5000 索引核对。中文义项与短搭配自行整理，不复制词典长释义或例句；不是按考试分数筛选的词表，也不是量化高频榜。	
家庭与社会	domestic	adj.	与家庭或家庭内部有关的；另有国内的义	share domestic responsibilities	分担家务与家庭责任	https://www.oxfordlearnersdictionaries.com/topic/family-and-relationships	沿用 Oxford/BC 公开主题分类作为覆盖范围依据；词形已与本地 Oxford 3000/5000 索引核对。中文义项与短搭配自行整理，不复制词典长释义或例句；不是按考试分数筛选的词表，也不是量化高频榜。	
家庭与社会	dependent	adj.	需要依赖其他人或资源的	financially dependent on parents	经济上依赖父母	https://www.oxfordlearnersdictionaries.com/topic/family-and-relationships	沿用 Oxford/BC 公开主题分类作为覆盖范围依据；词形已与本地 Oxford 3000/5000 索引核对。中文义项与短搭配自行整理，不复制词典长释义或例句；不是按考试分数筛选的词表，也不是量化高频榜。	常用 dependent on，不用 dependent of。
家庭与社会	dependence	n.	依赖某人或某物的状态	reduce dependence on others	减少对他人的依赖	https://www.oxfordlearnersdictionaries.com/topic/family-and-relationships	沿用 Oxford/BC 公开主题分类作为覆盖范围依据；词形已与本地 Oxford 3000/5000 索引核对。中文义项与短搭配自行整理，不复制词典长释义或例句；不是按考试分数筛选的词表，也不是量化高频榜。	
家庭与社会	autonomy	n.	自行作决定和行动的能力或权利	respect personal autonomy	尊重个人自主权	https://www.oxfordlearnersdictionaries.com/topic/family-and-relationships	沿用 Oxford/BC 公开主题分类作为覆盖范围依据；词形已与本地 Oxford 3000/5000 索引核对。中文义项与短搭配自行整理，不复制词典长释义或例句；不是按考试分数筛选的词表，也不是量化高频榜。	
家庭与社会	bond	n.	人与人之间紧密的情感联系	a strong family bond	牢固的家庭纽带	https://www.oxfordlearnersdictionaries.com/topic/family-and-relationships	沿用 Oxford/BC 公开主题分类作为覆盖范围依据；词形已与本地 Oxford 3000/5000 索引核对。中文义项与短搭配自行整理，不复制词典长释义或例句；不是按考试分数筛选的词表，也不是量化高频榜。	
家庭与社会	empathy	n.	理解他人感受和处境的能力	show empathy towards others	表现出对他人的共情	https://www.oxfordlearnersdictionaries.com/topic/family-and-relationships	沿用 Oxford/BC 公开主题分类作为覆盖范围依据；扩展词，待在线词形核对。中文义项与短搭配自行整理，不复制词典长释义或例句；不是按考试分数筛选的词表，也不是量化高频榜。	
家庭与社会	compassion	n.	因理解他人困难而产生的关怀	treat people with compassion	以关怀之心对待他人	https://www.oxfordlearnersdictionaries.com/topic/family-and-relationships	沿用 Oxford/BC 公开主题分类作为覆盖范围依据；词形已与本地 Oxford 3000/5000 索引核对。中文义项与短搭配自行整理，不复制词典长释义或例句；不是按考试分数筛选的词表，也不是量化高频榜。	
家庭与社会	solidarity	n.	因共同利益或目标而相互支持	show solidarity with neighbours	与邻里互相支持	https://www.oxfordlearnersdictionaries.com/topic/family-and-relationships	沿用 Oxford/BC 公开主题分类作为覆盖范围依据；词形已与本地 Oxford 3000/5000 索引核对。中文义项与短搭配自行整理，不复制词典长释义或例句；不是按考试分数筛选的词表，也不是量化高频榜。	
家庭与社会	tolerance	n.	容纳不同意见或生活方式的态度	tolerance of different beliefs	对不同信念的包容	https://www.oxfordlearnersdictionaries.com/topic/family-and-relationships	沿用 Oxford/BC 公开主题分类作为覆盖范围依据；词形已与本地 Oxford 3000/5000 索引核对。中文义项与短搭配自行整理，不复制词典长释义或例句；不是按考试分数筛选的词表，也不是量化高频榜。	
家庭与社会	prejudice	n.	缺乏充分依据的先入偏见	challenge prejudice	质疑和纠正偏见	https://www.oxfordlearnersdictionaries.com/topic/family-and-relationships	沿用 Oxford/BC 公开主题分类作为覆盖范围依据；词形已与本地 Oxford 3000/5000 索引核对。中文义项与短搭配自行整理，不复制词典长释义或例句；不是按考试分数筛选的词表，也不是量化高频榜。	
家庭与社会	stereotype	n.	把某类人简单归为固定特征的看法	challenge gender stereotypes	质疑性别刻板印象	https://www.oxfordlearnersdictionaries.com/topic/family-and-relationships	沿用 Oxford/BC 公开主题分类作为覆盖范围依据；词形已与本地 Oxford 3000/5000 索引核对。中文义项与短搭配自行整理，不复制词典长释义或例句；不是按考试分数筛选的词表，也不是量化高频榜。	
家庭与社会	status	n.	个人或群体在社会中的地位；另有状态义	social status	社会地位	https://www.oxfordlearnersdictionaries.com/topic/family-and-relationships	沿用 Oxford/BC 公开主题分类作为覆盖范围依据；词形已与本地 Oxford 3000/5000 索引核对。中文义项与短搭配自行整理，不复制词典长释义或例句；不是按考试分数筛选的词表，也不是量化高频榜。	
家庭与社会	norm	n.	群体中普遍认可的行为规则或常态	question social norms	审视社会规范	https://www.oxfordlearnersdictionaries.com/topic/family-and-relationships	沿用 Oxford/BC 公开主题分类作为覆盖范围依据；词形已与本地 Oxford 3000/5000 索引核对。中文义项与短搭配自行整理，不复制词典长释义或例句；不是按考试分数筛选的词表，也不是量化高频榜。	
家庭与社会	welfare	n.	人的生活福祉；也可指社会救助体系	protect children's welfare	保障儿童福祉	https://www.oxfordlearnersdictionaries.com/topic/family-and-relationships	沿用 Oxford/BC 公开主题分类作为覆盖范围依据；词形已与本地 Oxford 3000/5000 索引核对。中文义项与短搭配自行整理，不复制词典长释义或例句；不是按考试分数筛选的词表，也不是量化高频榜。	
家庭与社会	membership	n.	属于某组织的资格或成员身份	apply for club membership	申请俱乐部会员资格	https://www.oxfordlearnersdictionaries.com/topic/family-and-relationships	沿用 Oxford/BC 公开主题分类作为覆盖范围依据；词形已与本地 Oxford 3000/5000 索引核对。中文义项与短搭配自行整理，不复制词典长释义或例句；不是按考试分数筛选的词表，也不是量化高频榜。	
家庭与社会	citizenship	n.	公民身份及相关权利责任	citizenship education	公民教育	https://www.oxfordlearnersdictionaries.com/topic/family-and-relationships	沿用 Oxford/BC 公开主题分类作为覆盖范围依据；词形已与本地 Oxford 3000/5000 索引核对。中文义项与短搭配自行整理，不复制词典长释义或例句；不是按考试分数筛选的词表，也不是量化高频榜。	
家庭与社会	ageing	n.	年龄增长、人口变老的过程；美式作 aging	population ageing	人口老龄化	https://www.oxfordlearnersdictionaries.com/topic/family-and-relationships	沿用 Oxford/BC 公开主题分类作为覆盖范围依据；扩展词，待在线词形核对。中文义项与短搭配自行整理，不复制词典长释义或例句；不是按考试分数筛选的词表，也不是量化高频榜。	
家庭与社会	longevity	n.	较长的寿命或持续时间	increased longevity	寿命延长	https://www.oxfordlearnersdictionaries.com/topic/family-and-relationships	沿用 Oxford/BC 公开主题分类作为覆盖范围依据；扩展词，待在线词形核对。中文义项与短搭配自行整理，不复制词典长释义或例句；不是按考试分数筛选的词表，也不是量化高频榜。	
家庭与社会	inheritance	n.	从前人继承的财产、特征或传统	receive an inheritance	继承一份财产	https://www.oxfordlearnersdictionaries.com/topic/family-and-relationships	沿用 Oxford/BC 公开主题分类作为覆盖范围依据；扩展词，待在线词形核对。中文义项与短搭配自行整理，不复制词典长释义或例句；不是按考试分数筛选的词表，也不是量化高频榜。	
文化与媒体	heritage	n.	从过去传承的文化或自然遗产	preserve cultural heritage	保护文化遗产	https://www.oxfordlearnersdictionaries.com/topic/category/culture	主题范围参考 Oxford/BC 公开主题页（2026-09-15 核对）；词形与本地 Oxford 3000/5000 索引一致。本条中文义项与短搭配为自行整理，不是词典释义或例句的逐条复制；词形核对不表示搭配频率验证或量化高频排名，不按目标分数删词。	
文化与媒体	museum	n.	收藏并展示文物、艺术品等的机构	visit a local museum	参观当地博物馆	https://www.oxfordlearnersdictionaries.com/topic/category/culture	主题范围参考 Oxford/BC 公开主题页（2026-09-15 核对）；词形与本地 Oxford 3000/5000 索引一致。本条中文义项与短搭配为自行整理，不是词典释义或例句的逐条复制；词形核对不表示搭配频率验证或量化高频排名，不按目标分数删词。	
文化与媒体	exhibition	n.	向公众展示物品或作品的展览	hold an art exhibition	举办艺术展	https://www.oxfordlearnersdictionaries.com/topic/category/culture	主题范围参考 Oxford/BC 公开主题页（2026-09-15 核对）；词形与本地 Oxford 3000/5000 索引一致。本条中文义项与短搭配为自行整理，不是词典释义或例句的逐条复制；词形核对不表示搭配频率验证或量化高频排名，不按目标分数删词。	
文化与媒体	gallery	n.	展示或出售艺术作品的场所	a public art gallery	公共美术馆	https://www.oxfordlearnersdictionaries.com/topic/category/culture	主题范围参考 Oxford/BC 公开主题页（2026-09-15 核对）；词形与本地 Oxford 3000/5000 索引一致。本条中文义项与短搭配为自行整理，不是词典释义或例句的逐条复制；词形核对不表示搭配频率验证或量化高频排名，不按目标分数删词。	
文化与媒体	performance	n.	舞台等上的表演；另有表现义	give a live performance	进行现场表演	https://www.oxfordlearnersdictionaries.com/topic/category/culture	主题范围参考 Oxford/BC 公开主题页（2026-09-15 核对）；词形与本地 Oxford 3000/5000 索引一致。本条中文义项与短搭配为自行整理，不是词典释义或例句的逐条复制；词形核对不表示搭配频率验证或量化高频排名，不按目标分数删词。	
文化与媒体	audience	n.	观看、收听表演或媒体内容的人群	reach a wider audience	接触更广泛的受众	https://www.oxfordlearnersdictionaries.com/topic/category/culture	主题范围参考 Oxford/BC 公开主题页（2026-09-15 核对）；词形与本地 Oxford 3000/5000 索引一致。本条中文义项与短搭配为自行整理，不是词典释义或例句的逐条复制；词形核对不表示搭配频率验证或量化高频排名，不按目标分数删词。	
文化与媒体	literature	n.	文学作品；另有某领域文献义	study modern literature	研究现代文学	https://www.oxfordlearnersdictionaries.com/topic/category/culture	主题范围参考 Oxford/BC 公开主题页（2026-09-15 核对）；词形与本地 Oxford 3000/5000 索引一致。本条中文义项与短搭配为自行整理，不是词典释义或例句的逐条复制；词形核对不表示搭配频率验证或量化高频排名，不按目标分数删词。	
文化与媒体	novel	n.	长篇小说；此处不取新颖的形容词义	read a historical novel	阅读历史小说	https://www.oxfordlearnersdictionaries.com/topic/category/culture	主题范围参考 Oxford/BC 公开主题页（2026-09-15 核对）；词形与本地 Oxford 3000/5000 索引一致。本条中文义项与短搭配为自行整理，不是词典释义或例句的逐条复制；词形核对不表示搭配频率验证或量化高频排名，不按目标分数删词。	
文化与媒体	documentary	n.	以真实事物为内容的纪录片	watch a nature documentary	观看自然纪录片	https://www.oxfordlearnersdictionaries.com/topic/category/culture	主题范围参考 Oxford/BC 公开主题页（2026-09-15 核对）；词形与本地 Oxford 3000/5000 索引一致。本条中文义项与短搭配为自行整理，不是词典释义或例句的逐条复制；词形核对不表示搭配频率验证或量化高频排名，不按目标分数删词。	
文化与媒体	broadcast	v.	通过电视、广播或网络播送	broadcast a live event	直播活动	https://www.oxfordlearnersdictionaries.com/topic/category/culture	主题范围参考 Oxford/BC 公开主题页（2026-09-15 核对）；词形与本地 Oxford 3000/5000 索引一致。本条中文义项与短搭配为自行整理，不是词典释义或例句的逐条复制；词形核对不表示搭配频率验证或量化高频排名，不按目标分数删词。	
文化与媒体	journalist	n.	从事新闻采写的人	an investigative journalist	调查记者	https://www.oxfordlearnersdictionaries.com/topic/category/culture	主题范围参考 Oxford/BC 公开主题页（2026-09-15 核对）；词形与本地 Oxford 3000/5000 索引一致。本条中文义项与短搭配为自行整理，不是词典释义或例句的逐条复制；词形核对不表示搭配频率验证或量化高频排名，不按目标分数删词。	
文化与媒体	headline	n.	新闻报道的标题	read the headlines	阅读新闻标题	https://www.oxfordlearnersdictionaries.com/topic/category/culture	主题范围参考 Oxford/BC 公开主题页（2026-09-15 核对）；词形与本地 Oxford 3000/5000 索引一致。本条中文义项与短搭配为自行整理，不是词典释义或例句的逐条复制；词形核对不表示搭配频率验证或量化高频排名，不按目标分数删词。	
文化与媒体	coverage	n.	媒体对事件的报道；此处不取覆盖面积义	media coverage of an event	媒体对事件的报道	https://www.oxfordlearnersdictionaries.com/topic/category/culture	主题范围参考 Oxford/BC 公开主题页（2026-09-15 核对）；词形与本地 Oxford 3000/5000 索引一致。本条中文义项与短搭配为自行整理，不是词典释义或例句的逐条复制；词形核对不表示搭配频率验证或量化高频排名，不按目标分数删词。	
文化与媒体	bias	n.	偏向某一方、影响公正的倾向	recognise bias in reporting	识别报道中的偏见	https://www.oxfordlearnersdictionaries.com/topic/category/culture	主题范围参考 Oxford/BC 公开主题页（2026-09-15 核对）；词形与本地 Oxford 3000/5000 索引一致。本条中文义项与短搭配为自行整理，不是词典释义或例句的逐条复制；词形核对不表示搭配频率验证或量化高频排名，不按目标分数删词。	
文化与媒体	credible	adj.	有理由相信其真实可靠的	a credible news source	可信的新闻来源	https://www.oxfordlearnersdictionaries.com/topic/category/culture	主题范围参考 Oxford/BC 公开主题页（2026-09-15 核对）；词形与本地 Oxford 3000/5000 索引一致。本条中文义项与短搭配为自行整理，不是词典释义或例句的逐条复制；词形核对不表示搭配频率验证或量化高频排名，不按目标分数删词。	
文化与媒体	misleading	adj.	使人形成错误印象的	a misleading headline	误导性的标题	https://www.oxfordlearnersdictionaries.com/topic/category/culture	主题范围参考 Oxford/BC 公开主题页（2026-09-15 核对）；词形与本地 Oxford 3000/5000 索引一致。本条中文义项与短搭配为自行整理，不是词典释义或例句的逐条复制；词形核对不表示搭配频率验证或量化高频排名，不按目标分数删词。	
文化与媒体	advertisement	n.	用于宣传商品、服务等的广告	place an advertisement	刊登广告	https://www.oxfordlearnersdictionaries.com/topic/category/culture	主题范围参考 Oxford/BC 公开主题页（2026-09-15 核对）；词形与本地 Oxford 3000/5000 索引一致。本条中文义项与短搭配为自行整理，不是词典释义或例句的逐条复制；词形核对不表示搭配频率验证或量化高频排名，不按目标分数删词。	
文化与媒体	sponsor	v.	出资支持活动以获得宣传等回报	sponsor a cultural event	赞助文化活动	https://www.oxfordlearnersdictionaries.com/topic/category/culture	主题范围参考 Oxford/BC 公开主题页（2026-09-15 核对）；词形与本地 Oxford 3000/5000 索引一致。本条中文义项与短搭配为自行整理，不是词典释义或例句的逐条复制；词形核对不表示搭配频率验证或量化高频排名，不按目标分数删词。	
文化与媒体	subscription	n.	按期付费获得服务或内容的订阅	cancel a monthly subscription	取消包月订阅	https://www.oxfordlearnersdictionaries.com/topic/category/culture	主题范围参考 Oxford/BC 公开主题页（2026-09-15 核对）；词形与本地 Oxford 3000/5000 索引一致。本条中文义项与短搭配为自行整理，不是词典释义或例句的逐条复制；词形核对不表示搭配频率验证或量化高频排名，不按目标分数删词。	
文化与媒体	copyright	n.	对作品复制、使用等的法定权利	respect copyright	尊重版权	https://www.oxfordlearnersdictionaries.com/topic/category/culture	主题范围参考 Oxford/BC 公开主题页（2026-09-15 核对）；词形与本地 Oxford 3000/5000 索引一致。本条中文义项与短搭配为自行整理，不是词典释义或例句的逐条复制；词形核对不表示搭配频率验证或量化高频排名，不按目标分数删词。	
文化与媒体	censorship	n.	对公开内容进行审查和限制	media censorship	媒体审查	https://www.oxfordlearnersdictionaries.com/definition/english/censorship	主题范围参考 Oxford/BC 公开主题页（2026-09-15 核对）；扩展词的拼写已与 Oxford 词典在线词头核对。本条中文义项与短搭配为自行整理，不是词典释义或例句的逐条复制；词形核对不表示搭配频率验证或量化高频排名，不按目标分数删词。	
文化与媒体	diversity	n.	具有不同形式、身份或文化的多样性	celebrate cultural diversity	重视并展示文化多样性	https://www.oxfordlearnersdictionaries.com/topic/category/culture	主题范围参考 Oxford/BC 公开主题页（2026-09-15 核对）；词形与本地 Oxford 3000/5000 索引一致。本条中文义项与短搭配为自行整理，不是词典释义或例句的逐条复制；词形核对不表示搭配频率验证或量化高频排名，不按目标分数删词。	
文化与媒体	identity	n.	个人或群体对自身特征与归属的认同	cultural identity	文化认同	https://www.oxfordlearnersdictionaries.com/topic/category/culture	主题范围参考 Oxford/BC 公开主题页（2026-09-15 核对）；词形与本地 Oxford 3000/5000 索引一致。本条中文义项与短搭配为自行整理，不是词典释义或例句的逐条复制；词形核对不表示搭配频率验证或量化高频排名，不按目标分数删词。	
文化与媒体	preserve	v.	使某物或传统免于消失、损坏	preserve a historic building	保护历史建筑	https://www.oxfordlearnersdictionaries.com/topic/category/culture	主题范围参考 Oxford/BC 公开主题页（2026-09-15 核对）；词形与本地 Oxford 3000/5000 索引一致。本条中文义项与短搭配为自行整理，不是词典释义或例句的逐条复制；词形核对不表示搭配频率验证或量化高频排名，不按目标分数删词。	
文化与媒体	interpret	v.	解释或理解某事物的意义	interpret a work of art	解读艺术作品	https://www.oxfordlearnersdictionaries.com/topic/category/culture	主题范围参考 Oxford/BC 公开主题页（2026-09-15 核对）；词形与本地 Oxford 3000/5000 索引一致。本条中文义项与短搭配为自行整理，不是词典释义或例句的逐条复制；词形核对不表示搭配频率验证或量化高频排名，不按目标分数删词。	
文化与媒体	channel	n.	电视、网络等的传播频道；另有通道义	a television news channel	电视新闻频道	https://www.oxfordlearnersdictionaries.com/topic/category/culture	沿用 Oxford/BC 公开主题分类作为覆盖范围依据；词形已与本地 Oxford 3000/5000 索引核对。中文义项与短搭配自行整理，不复制词典长释义或例句；不是按考试分数筛选的词表，也不是量化高频榜。	
文化与媒体	outlet	n.	此处指发布新闻等的媒体机构	an independent news outlet	独立新闻媒体	https://www.oxfordlearnersdictionaries.com/topic/category/culture	沿用 Oxford/BC 公开主题分类作为覆盖范围依据；词形已与本地 Oxford 3000/5000 索引核对。中文义项与短搭配自行整理，不复制词典长释义或例句；不是按考试分数筛选的词表，也不是量化高频榜。	
文化与媒体	publisher	n.	出版图书等作品的机构或人员	a small book publisher	小型图书出版社	https://www.oxfordlearnersdictionaries.com/topic/category/culture	沿用 Oxford/BC 公开主题分类作为覆盖范围依据；扩展词，待在线词形核对。中文义项与短搭配自行整理，不复制词典长释义或例句；不是按考试分数筛选的词表，也不是量化高频榜。	
文化与媒体	editor	n.	决定、修改或组织出版内容的编辑	a newspaper editor	报纸编辑	https://www.oxfordlearnersdictionaries.com/topic/category/culture	沿用 Oxford/BC 公开主题分类作为覆盖范围依据；词形已与本地 Oxford 3000/5000 索引核对。中文义项与短搭配自行整理，不复制词典长释义或例句；不是按考试分数筛选的词表，也不是量化高频榜。	
文化与媒体	editorial	n.	代表报刊等立场的评论文章；也可作形容词	write an editorial	撰写社论	https://www.oxfordlearnersdictionaries.com/topic/category/culture	沿用 Oxford/BC 公开主题分类作为覆盖范围依据；词形已与本地 Oxford 3000/5000 索引核对。中文义项与短搭配自行整理，不复制词典长释义或例句；不是按考试分数筛选的词表，也不是量化高频榜。	
文化与媒体	press	n.	新闻媒体或报刊业的总称	freedom of the press	新闻自由	https://www.oxfordlearnersdictionaries.com/topic/category/culture	沿用 Oxford/BC 公开主题分类作为覆盖范围依据；词形已与本地 Oxford 3000/5000 索引核对。中文义项与短搭配自行整理，不复制词典长释义或例句；不是按考试分数筛选的词表，也不是量化高频榜。	
文化与媒体	journalism	n.	新闻采集、撰写和报道的工作	investigative journalism	调查新闻报道	https://www.oxfordlearnersdictionaries.com/topic/category/culture	沿用 Oxford/BC 公开主题分类作为覆盖范围依据；词形已与本地 Oxford 3000/5000 索引核对。中文义项与短搭配自行整理，不复制词典长释义或例句；不是按考试分数筛选的词表，也不是量化高频榜。	
文化与媒体	reporter	n.	采访并报道新闻的人	a local news reporter	地方新闻记者	https://www.oxfordlearnersdictionaries.com/topic/category/culture	沿用 Oxford/BC 公开主题分类作为覆盖范围依据；词形已与本地 Oxford 3000/5000 索引核对。中文义项与短搭配自行整理，不复制词典长释义或例句；不是按考试分数筛选的词表，也不是量化高频榜。	
文化与媒体	publicity	n.	引起公众注意的报道或宣传	attract media publicity	引起媒体关注	https://www.oxfordlearnersdictionaries.com/topic/category/culture	沿用 Oxford/BC 公开主题分类作为覆盖范围依据；词形已与本地 Oxford 3000/5000 索引核对。中文义项与短搭配自行整理，不复制词典长释义或例句；不是按考试分数筛选的词表，也不是量化高频榜。	
文化与媒体	propaganda	n.	为影响态度而系统传播的立场性信息	political propaganda	政治宣传	https://www.oxfordlearnersdictionaries.com/topic/category/culture	沿用 Oxford/BC 公开主题分类作为覆盖范围依据；词形已与本地 Oxford 3000/5000 索引核对。中文义项与短搭配自行整理，不复制词典长释义或例句；不是按考试分数筛选的词表，也不是量化高频榜。	不与中性的 information 或所有 publicity 完全等同。
文化与媒体	misinformation	n.	不准确或错误的信息；不一定有意传播	check for misinformation	检查是否存在错误信息	https://www.oxfordlearnersdictionaries.com/topic/category/culture	沿用 Oxford/BC 公开主题分类作为覆盖范围依据；扩展词，待在线词形核对。中文义项与短搭配自行整理，不复制词典长释义或例句；不是按考试分数筛选的词表，也不是量化高频榜。	
文化与媒体	streaming	n.	边接收数据边播放音视频的方式	a video streaming service	视频流媒体服务	https://www.oxfordlearnersdictionaries.com/topic/category/culture	沿用 Oxford/BC 公开主题分类作为覆盖范围依据；扩展词，待在线词形核对。中文义项与短搭配自行整理，不复制词典长释义或例句；不是按考试分数筛选的词表，也不是量化高频榜。	
文化与媒体	episode	n.	连续播出作品中的一集	watch the final episode	观看最后一集	https://www.oxfordlearnersdictionaries.com/topic/category/culture	沿用 Oxford/BC 公开主题分类作为覆盖范围依据；词形已与本地 Oxford 3000/5000 索引核对。中文义项与短搭配自行整理，不复制词典长释义或例句；不是按考试分数筛选的词表，也不是量化高频榜。	
文化与媒体	series	n.	内容相关的一系列节目或作品；单复数同形	a documentary series	纪录片系列	https://www.oxfordlearnersdictionaries.com/topic/category/culture	沿用 Oxford/BC 公开主题分类作为覆盖范围依据；词形已与本地 Oxford 3000/5000 索引核对。中文义项与短搭配自行整理，不复制词典长释义或例句；不是按考试分数筛选的词表，也不是量化高频榜。	
文化与媒体	subtitle	n.	画面中显示的对白译文或文字；此义常用复数	watch a film with subtitles	观看带字幕的电影	https://www.oxfordlearnersdictionaries.com/topic/category/culture	沿用 Oxford/BC 公开主题分类作为覆盖范围依据；扩展词，待在线词形核对。中文义项与短搭配自行整理，不复制词典长释义或例句；不是按考试分数筛选的词表，也不是量化高频榜。	
文化与媒体	soundtrack	n.	电影等的配乐或完整声音部分	a film soundtrack	电影原声音乐	https://www.oxfordlearnersdictionaries.com/topic/category/culture	沿用 Oxford/BC 公开主题分类作为覆盖范围依据；扩展词，待在线词形核对。中文义项与短搭配自行整理，不复制词典长释义或例句；不是按考试分数筛选的词表，也不是量化高频榜。	
文化与媒体	screenplay	n.	供影视拍摄使用的剧本	write an original screenplay	创作原创电影剧本	https://www.oxfordlearnersdictionaries.com/topic/category/culture	沿用 Oxford/BC 公开主题分类作为覆盖范围依据；扩展词，待在线词形核对。中文义项与短搭配自行整理，不复制词典长释义或例句；不是按考试分数筛选的词表，也不是量化高频榜。	
文化与媒体	plot	n.	故事中事件发展的安排；另有小块土地义	follow the plot	理解故事情节的发展	https://www.oxfordlearnersdictionaries.com/topic/category/culture	沿用 Oxford/BC 公开主题分类作为覆盖范围依据；词形已与本地 Oxford 3000/5000 索引核对。中文义项与短搭配自行整理，不复制词典长释义或例句；不是按考试分数筛选的词表，也不是量化高频榜。	
文化与媒体	character	n.	小说、戏剧或电影中的人物；另有性格义	the main character	主要角色	https://www.oxfordlearnersdictionaries.com/topic/category/culture	沿用 Oxford/BC 公开主题分类作为覆盖范围依据；词形已与本地 Oxford 3000/5000 索引核对。中文义项与短搭配自行整理，不复制词典长释义或例句；不是按考试分数筛选的词表，也不是量化高频榜。	
文化与媒体	genre	n.	有共同特点的文学或艺术类型	a popular film genre	流行的电影类型	https://www.oxfordlearnersdictionaries.com/topic/category/culture	沿用 Oxford/BC 公开主题分类作为覆盖范围依据；词形已与本地 Oxford 3000/5000 索引核对。中文义项与短搭配自行整理，不复制词典长释义或例句；不是按考试分数筛选的词表，也不是量化高频榜。	
文化与媒体	review	n.	对书籍、演出等的评论；另有复习或审查义	write a balanced book review	写一篇客观兼顾优缺点的书评	https://www.oxfordlearnersdictionaries.com/topic/category/culture	沿用 Oxford/BC 公开主题分类作为覆盖范围依据；词形已与本地 Oxford 3000/5000 索引核对。中文义项与短搭配自行整理，不复制词典长释义或例句；不是按考试分数筛选的词表，也不是量化高频榜。	
文化与媒体	critic	n.	评论艺术作品等的人；也可指批评者	a respected film critic	受尊重的影评人	https://www.oxfordlearnersdictionaries.com/topic/category/culture	沿用 Oxford/BC 公开主题分类作为覆盖范围依据；词形已与本地 Oxford 3000/5000 索引核对。中文义项与短搭配自行整理，不复制词典长释义或例句；不是按考试分数筛选的词表，也不是量化高频榜。	
文化与媒体	caption	n.	图片旁用于解释画面内容的文字	add a caption to a photo	为照片添加说明文字	https://www.oxfordlearnersdictionaries.com/topic/category/culture	沿用 Oxford/BC 公开主题分类作为覆盖范围依据；扩展词，待在线词形核对。中文义项与短搭配自行整理，不复制词典长释义或例句；不是按考试分数筛选的词表，也不是量化高频榜。	
文化与媒体	sculpture	n.	雕刻或塑造的立体艺术作品；也指雕塑艺术	a public sculpture	公共雕塑作品	https://www.oxfordlearnersdictionaries.com/topic/category/culture	沿用 Oxford/BC 公开主题分类作为覆盖范围依据；词形已与本地 Oxford 3000/5000 索引核对。中文义项与短搭配自行整理，不复制词典长释义或例句；不是按考试分数筛选的词表，也不是量化高频榜。	
文化与媒体	craft	n.	制作实物的手艺或工艺	traditional crafts	传统手工艺	https://www.oxfordlearnersdictionaries.com/topic/category/culture	沿用 Oxford/BC 公开主题分类作为覆盖范围依据；词形已与本地 Oxford 3000/5000 索引核对。中文义项与短搭配自行整理，不复制词典长释义或例句；不是按考试分数筛选的词表，也不是量化高频榜。	
旅行与住宿	destination	n.	计划前往或最终到达的地方	a popular holiday destination	热门度假目的地	https://www.oxfordlearnersdictionaries.com/topic/category/travel	主题范围参考 Oxford/BC 公开主题页（2026-09-15 核对）；词形与本地 Oxford 3000/5000 索引一致。本条中文义项与短搭配为自行整理，不是词典释义或例句的逐条复制；词形核对不表示搭配频率验证或量化高频排名，不按目标分数删词。	
旅行与住宿	journey	n.	从一地到另一地的行程	a long train journey	长途火车旅行	https://www.oxfordlearnersdictionaries.com/topic/category/travel	主题范围参考 Oxford/BC 公开主题页（2026-09-15 核对）；词形与本地 Oxford 3000/5000 索引一致。本条中文义项与短搭配为自行整理，不是词典释义或例句的逐条复制；词形核对不表示搭配频率验证或量化高频排名，不按目标分数删词。	
旅行与住宿	trip	n.	外出办事或游玩的一次旅行	go on a day trip	进行一日游	https://www.oxfordlearnersdictionaries.com/topic/category/travel	主题范围参考 Oxford/BC 公开主题页（2026-09-15 核对）；词形与本地 Oxford 3000/5000 索引一致。本条中文义项与短搭配为自行整理，不是词典释义或例句的逐条复制；词形核对不表示搭配频率验证或量化高频排名，不按目标分数删词。	
旅行与住宿	tourism	n.	旅游活动及相关行业	support local tourism	支持当地旅游业	https://www.oxfordlearnersdictionaries.com/topic/category/travel	主题范围参考 Oxford/BC 公开主题页（2026-09-15 核对）；词形与本地 Oxford 3000/5000 索引一致。本条中文义项与短搭配为自行整理，不是词典释义或例句的逐条复制；词形核对不表示搭配频率验证或量化高频排名，不按目标分数删词。	
旅行与住宿	itinerary	n.	旅行的路线与日程安排	plan a detailed itinerary	制定详细行程	https://www.oxfordlearnersdictionaries.com/definition/english/itinerary	主题范围参考 Oxford/BC 公开主题页（2026-09-15 核对）；扩展词的拼写已与 Oxford 词典在线词头核对。本条中文义项与短搭配为自行整理，不是词典释义或例句的逐条复制；词形核对不表示搭配频率验证或量化高频排名，不按目标分数删词。	
旅行与住宿	accommodation	n.	供临时居住的住宿；英式通常不可数	book suitable accommodation	预订合适的住宿	https://www.oxfordlearnersdictionaries.com/topic/category/travel	主题范围参考 Oxford/BC 公开主题页（2026-09-15 核对）；词形与本地 Oxford 3000/5000 索引一致。本条中文义项与短搭配为自行整理，不是词典释义或例句的逐条复制；词形核对不表示搭配频率验证或量化高频排名，不按目标分数删词。	
旅行与住宿	reservation	n.	房间、座位等的预订	confirm a hotel reservation	确认酒店预订	https://www.oxfordlearnersdictionaries.com/topic/category/travel	主题范围参考 Oxford/BC 公开主题页（2026-09-15 核对）；词形与本地 Oxford 3000/5000 索引一致。本条中文义项与短搭配为自行整理，不是词典释义或例句的逐条复制；词形核对不表示搭配频率验证或量化高频排名，不按目标分数删词。	
旅行与住宿	passport	n.	用于国际旅行的身份证件	renew a passport	更新护照	https://www.oxfordlearnersdictionaries.com/topic/category/travel	主题范围参考 Oxford/BC 公开主题页（2026-09-15 核对）；词形与本地 Oxford 3000/5000 索引一致。本条中文义项与短搭配为自行整理，不是词典释义或例句的逐条复制；词形核对不表示搭配频率验证或量化高频排名，不按目标分数删词。	
旅行与住宿	visa	n.	允许进入或停留在一国的签证	apply for a visa	申请签证	https://www.oxfordlearnersdictionaries.com/topic/category/travel	主题范围参考 Oxford/BC 公开主题页（2026-09-15 核对）；词形与本地 Oxford 3000/5000 索引一致。本条中文义项与短搭配为自行整理，不是词典释义或例句的逐条复制；词形核对不表示搭配频率验证或量化高频排名，不按目标分数删词。	
旅行与住宿	luggage	n.	旅行携带的行李；不可数	a piece of luggage	一件行李	https://www.oxfordlearnersdictionaries.com/definition/english/luggage	主题范围参考 Oxford/BC 公开主题页（2026-09-15 核对）；扩展词的拼写已与 Oxford 词典在线词头核对。本条中文义项与短搭配为自行整理，不是词典释义或例句的逐条复制；词形核对不表示搭配频率验证或量化高频排名，不按目标分数删词。	
旅行与住宿	departure	n.	离开；交通工具的出发	the departure time	出发时间	https://www.oxfordlearnersdictionaries.com/topic/category/travel	主题范围参考 Oxford/BC 公开主题页（2026-09-15 核对）；词形与本地 Oxford 3000/5000 索引一致。本条中文义项与短搭配为自行整理，不是词典释义或例句的逐条复制；词形核对不表示搭配频率验证或量化高频排名，不按目标分数删词。	
旅行与住宿	arrival	n.	到达	confirm the arrival time	确认到达时间	https://www.oxfordlearnersdictionaries.com/topic/category/travel	主题范围参考 Oxford/BC 公开主题页（2026-09-15 核对）；词形与本地 Oxford 3000/5000 索引一致。本条中文义项与短搭配为自行整理，不是词典释义或例句的逐条复制；词形核对不表示搭配频率验证或量化高频排名，不按目标分数删词。	
旅行与住宿	delay	n.	比预期更晚；延误	a flight delay	航班延误	https://www.oxfordlearnersdictionaries.com/topic/category/travel	主题范围参考 Oxford/BC 公开主题页（2026-09-15 核对）；词形与本地 Oxford 3000/5000 索引一致。本条中文义项与短搭配为自行整理，不是词典释义或例句的逐条复制；词形核对不表示搭配频率验证或量化高频排名，不按目标分数删词。	
旅行与住宿	cancel	v.	取消原定安排	cancel a booking	取消预订	https://www.oxfordlearnersdictionaries.com/topic/category/travel	主题范围参考 Oxford/BC 公开主题页（2026-09-15 核对）；词形与本地 Oxford 3000/5000 索引一致。本条中文义项与短搭配为自行整理，不是词典释义或例句的逐条复制；词形核对不表示搭配频率验证或量化高频排名，不按目标分数删词。	
旅行与住宿	board	v.	登上飞机、船或公共车辆	board a plane	登机	https://www.oxfordlearnersdictionaries.com/topic/category/travel	主题范围参考 Oxford/BC 公开主题页（2026-09-15 核对）；词形与本地 Oxford 3000/5000 索引一致。本条中文义项与短搭配为自行整理，不是词典释义或例句的逐条复制；词形核对不表示搭配频率验证或量化高频排名，不按目标分数删词。	
旅行与住宿	customs	n.	海关；此义以 s 结尾	go through customs	通过海关	https://www.oxfordlearnersdictionaries.com/definition/english/customs	主题范围参考 Oxford/BC 公开主题页（2026-09-15 核对）；扩展词的拼写已与 Oxford 词典在线词头核对。本条中文义项与短搭配为自行整理，不是词典释义或例句的逐条复制；词形核对不表示搭配频率验证或量化高频排名，不按目标分数删词。	
旅行与住宿	insurance	n.	通过合同分担风险的保险	buy travel insurance	购买旅行保险	https://www.oxfordlearnersdictionaries.com/topic/category/travel	主题范围参考 Oxford/BC 公开主题页（2026-09-15 核对）；词形与本地 Oxford 3000/5000 索引一致。本条中文义项与短搭配为自行整理，不是词典释义或例句的逐条复制；词形核对不表示搭配频率验证或量化高频排名，不按目标分数删词。	
旅行与住宿	currency	n.	一国或地区使用的货币	exchange foreign currency	兑换外币	https://www.oxfordlearnersdictionaries.com/topic/category/travel	主题范围参考 Oxford/BC 公开主题页（2026-09-15 核对）；词形与本地 Oxford 3000/5000 索引一致。本条中文义项与短搭配为自行整理，不是词典释义或例句的逐条复制；词形核对不表示搭配频率验证或量化高频排名，不按目标分数删词。	
旅行与住宿	guide	n.	向游客讲解或带路的人；另有指南义	a local tour guide	当地导游	https://www.oxfordlearnersdictionaries.com/topic/category/travel	主题范围参考 Oxford/BC 公开主题页（2026-09-15 核对）；词形与本地 Oxford 3000/5000 索引一致。本条中文义项与短搭配为自行整理，不是词典释义或例句的逐条复制；词形核对不表示搭配频率验证或量化高频排名，不按目标分数删词。	
旅行与住宿	excursion	n.	通常为游览安排的短途出行	go on a guided excursion	参加有导游的短途游览	https://www.oxfordlearnersdictionaries.com/definition/english/excursion	主题范围参考 Oxford/BC 公开主题页（2026-09-15 核对）；扩展词的拼写已与 Oxford 词典在线词头核对。本条中文义项与短搭配为自行整理，不是词典释义或例句的逐条复制；词形核对不表示搭配频率验证或量化高频排名，不按目标分数删词。	
旅行与住宿	sightseeing	n.	参观景点的活动	go sightseeing	观光游览	https://www.oxfordlearnersdictionaries.com/definition/english/sightseeing	主题范围参考 Oxford/BC 公开主题页（2026-09-15 核对）；扩展词的拼写已与 Oxford 词典在线词头核对。本条中文义项与短搭配为自行整理，不是词典释义或例句的逐条复制；词形核对不表示搭配频率验证或量化高频排名，不按目标分数删词。	
旅行与住宿	landmark	n.	有辨识度或重要意义的地标	a famous city landmark	著名城市地标	https://www.oxfordlearnersdictionaries.com/topic/category/travel	主题范围参考 Oxford/BC 公开主题页（2026-09-15 核对）；词形与本地 Oxford 3000/5000 索引一致。本条中文义项与短搭配为自行整理，不是词典释义或例句的逐条复制；词形核对不表示搭配频率验证或量化高频排名，不按目标分数删词。	
旅行与住宿	souvenir	n.	提醒人想起旅行或事件的纪念品	buy a small souvenir	买一件小纪念品	https://www.oxfordlearnersdictionaries.com/definition/english/souvenir	主题范围参考 Oxford/BC 公开主题页（2026-09-15 核对）；扩展词的拼写已与 Oxford 词典在线词头核对。本条中文义项与短搭配为自行整理，不是词典释义或例句的逐条复制；词形核对不表示搭配频率验证或量化高频排名，不按目标分数删词。	
旅行与住宿	hospitable	adj.	友好接待客人的	a hospitable host	好客的主人	https://www.oxfordlearnersdictionaries.com/definition/english/hospitable	主题范围参考 Oxford/BC 公开主题页（2026-09-15 核对）；扩展词的拼写已与 Oxford 词典在线词头核对。本条中文义项与短搭配为自行整理，不是词典释义或例句的逐条复制；词形核对不表示搭配频率验证或量化高频排名，不按目标分数删词。	
旅行与住宿	explore	v.	游览并了解陌生地方；另有探究义	explore the old town	游览老城区	https://www.oxfordlearnersdictionaries.com/topic/category/travel	主题范围参考 Oxford/BC 公开主题页（2026-09-15 核对）；词形与本地 Oxford 3000/5000 索引一致。本条中文义项与短搭配为自行整理，不是词典释义或例句的逐条复制；词形核对不表示搭配频率验证或量化高频排名，不按目标分数删词。	
旅行与住宿	airport	n.	飞机起降和旅客出入的设施	arrive at the airport	抵达机场	https://www.oxfordlearnersdictionaries.com/topic/category/travel	沿用 Oxford/BC 公开主题分类作为覆盖范围依据；词形已与本地 Oxford 3000/5000 索引核对。中文义项与短搭配自行整理，不复制词典长释义或例句；不是按考试分数筛选的词表，也不是量化高频榜。	
旅行与住宿	terminal	n.	机场或车船站供旅客使用的主要建筑	an airport terminal	机场航站楼	https://www.oxfordlearnersdictionaries.com/topic/category/travel	沿用 Oxford/BC 公开主题分类作为覆盖范围依据；词形已与本地 Oxford 3000/5000 索引核对。中文义项与短搭配自行整理，不复制词典长释义或例句；不是按考试分数筛选的词表，也不是量化高频榜。	
旅行与住宿	gate	n.	此处指机场登机口	check the departure gate	确认登机口	https://www.oxfordlearnersdictionaries.com/topic/category/travel	沿用 Oxford/BC 公开主题分类作为覆盖范围依据；词形已与本地 Oxford 3000/5000 索引核对。中文义项与短搭配自行整理，不复制词典长释义或例句；不是按考试分数筛选的词表，也不是量化高频榜。	
旅行与住宿	boarding pass	n.	登机时出示的凭证	show your boarding pass	出示登机牌	https://www.oxfordlearnersdictionaries.com/topic/category/travel	沿用 Oxford/BC 公开主题分类作为覆盖范围依据；扩展词，待在线词形核对。中文义项与短搭配自行整理，不复制词典长释义或例句；不是按考试分数筛选的词表，也不是量化高频榜。	
旅行与住宿	check-in	n.	在机场、酒店等办理登记的过程	online check-in	网上办理值机	https://www.oxfordlearnersdictionaries.com/topic/category/travel	沿用 Oxford/BC 公开主题分类作为覆盖范围依据；扩展词，待在线词形核对。中文义项与短搭配自行整理，不复制词典长释义或例句；不是按考试分数筛选的词表，也不是量化高频榜。	名词常写 check-in；动词写 check in，如 check in at a hotel。
旅行与住宿	check-out	n.	离店结账或办理退房的过程	the hotel check-out time	酒店退房时间	https://www.oxfordlearnersdictionaries.com/topic/category/travel	沿用 Oxford/BC 公开主题分类作为覆盖范围依据；扩展词，待在线词形核对。中文义项与短搭配自行整理，不复制词典长释义或例句；不是按考试分数筛选的词表，也不是量化高频榜。	动词为 check out；询问时间可说 What time is check-out?
旅行与住宿	hostel	n.	常提供共用房间等较简单住宿的旅舍	stay in a youth hostel	住在青年旅舍	https://www.oxfordlearnersdictionaries.com/topic/category/travel	沿用 Oxford/BC 公开主题分类作为覆盖范围依据；扩展词，待在线词形核对。中文义项与短搭配自行整理，不复制词典长释义或例句；不是按考试分数筛选的词表，也不是量化高频榜。	
旅行与住宿	resort	n.	为游客提供住宿和休闲设施的度假地	a seaside resort	海滨度假地	https://www.oxfordlearnersdictionaries.com/topic/category/travel	沿用 Oxford/BC 公开主题分类作为覆盖范围依据；词形已与本地 Oxford 3000/5000 索引核对。中文义项与短搭配自行整理，不复制词典长释义或例句；不是按考试分数筛选的词表，也不是量化高频榜。	
旅行与住宿	motel	n.	常为驾车旅客提供方便住宿的汽车旅馆	book a room at a motel	预订汽车旅馆房间	https://www.oxfordlearnersdictionaries.com/topic/category/travel	沿用 Oxford/BC 公开主题分类作为覆盖范围依据；扩展词，待在线词形核对。中文义项与短搭配自行整理，不复制词典长释义或例句；不是按考试分数筛选的词表，也不是量化高频榜。	
旅行与住宿	campsite	n.	允许或适合搭帐篷的露营地点	reserve a pitch at a campsite	预订营地中的一块帐篷位	https://www.oxfordlearnersdictionaries.com/topic/category/travel	沿用 Oxford/BC 公开主题分类作为覆盖范围依据；扩展词，待在线词形核对。中文义项与短搭配自行整理，不复制词典长释义或例句；不是按考试分数筛选的词表，也不是量化高频榜。	
旅行与住宿	tent	n.	用支架和布料等搭起的便携住所	put up a tent	搭帐篷	https://www.oxfordlearnersdictionaries.com/topic/category/travel	沿用 Oxford/BC 公开主题分类作为覆盖范围依据；词形已与本地 Oxford 3000/5000 索引核对。中文义项与短搭配自行整理，不复制词典长释义或例句；不是按考试分数筛选的词表，也不是量化高频榜。	
旅行与住宿	backpack	n.	背在背上的旅行或日常用包	pack a lightweight backpack	收拾轻便背包	https://www.oxfordlearnersdictionaries.com/topic/category/travel	沿用 Oxford/BC 公开主题分类作为覆盖范围依据；扩展词，待在线词形核对。中文义项与短搭配自行整理，不复制词典长释义或例句；不是按考试分数筛选的词表，也不是量化高频榜。	
旅行与住宿	cabin	n.	船上小房间、机舱或小木屋；搭配取船舱房义	book a cabin on a ferry	预订渡轮上的客舱	https://www.oxfordlearnersdictionaries.com/topic/category/travel	沿用 Oxford/BC 公开主题分类作为覆盖范围依据；词形已与本地 Oxford 3000/5000 索引核对。中文义项与短搭配自行整理，不复制词典长释义或例句；不是按考试分数筛选的词表，也不是量化高频榜。	
旅行与住宿	cruise	n.	乘船游览多个地点的旅行	go on a river cruise	乘游船游览河流	https://www.oxfordlearnersdictionaries.com/topic/category/travel	沿用 Oxford/BC 公开主题分类作为覆盖范围依据；词形已与本地 Oxford 3000/5000 索引核对。中文义项与短搭配自行整理，不复制词典长释义或例句；不是按考试分数筛选的词表，也不是量化高频榜。	
旅行与住宿	ferry	n.	在两地间运送人或车辆的渡船	take a ferry to an island	乘渡轮去岛上	https://www.oxfordlearnersdictionaries.com/topic/category/travel	沿用 Oxford/BC 公开主题分类作为覆盖范围依据；扩展词，待在线词形核对。中文义项与短搭配自行整理，不复制词典长释义或例句；不是按考试分数筛选的词表，也不是量化高频榜。	
旅行与住宿	stopover	n.	旅途中在中途地点的短暂停留	an overnight stopover	过夜中转停留	https://www.oxfordlearnersdictionaries.com/topic/category/travel	沿用 Oxford/BC 公开主题分类作为覆盖范围依据；扩展词，待在线词形核对。中文义项与短搭配自行整理，不复制词典长释义或例句；不是按考试分数筛选的词表，也不是量化高频榜。	
旅行与住宿	transit	n.	旅途中经过某地或中转的状态	passengers in transit	中转旅客	https://www.oxfordlearnersdictionaries.com/topic/category/travel	沿用 Oxford/BC 公开主题分类作为覆盖范围依据；词形已与本地 Oxford 3000/5000 索引核对。中文义项与短搭配自行整理，不复制词典长释义或例句；不是按考试分数筛选的词表，也不是量化高频榜。	
旅行与住宿	jet lag	n.	快速跨时区旅行后的作息不适	experience jet lag	出现时差反应	https://www.oxfordlearnersdictionaries.com/topic/category/travel	沿用 Oxford/BC 公开主题分类作为覆盖范围依据；扩展词，待在线词形核对。中文义项与短搭配自行整理，不复制词典长释义或例句；不是按考试分数筛选的词表，也不是量化高频榜。	
旅行与住宿	abroad	adv.	在国外或到国外	travel abroad	出国旅行	https://www.oxfordlearnersdictionaries.com/topic/category/travel	沿用 Oxford/BC 公开主题分类作为覆盖范围依据；词形已与本地 Oxford 3000/5000 索引核对。中文义项与短搭配自行整理，不复制词典长释义或例句；不是按考试分数筛选的词表，也不是量化高频榜。	abroad 前通常不加 to；travel abroad，不是 travel to abroad。
旅行与住宿	overseas	adv.	在海外或到海外；也可作形容词	work overseas	在海外工作	https://www.oxfordlearnersdictionaries.com/topic/category/travel	沿用 Oxford/BC 公开主题分类作为覆盖范围依据；词形已与本地 Oxford 3000/5000 索引核对。中文义项与短搭配自行整理，不复制词典长释义或例句；不是按考试分数筛选的词表，也不是量化高频榜。	
旅行与住宿	seasonal	adj.	只在某个季节或时期发生的	seasonal tourist demand	旅游需求的季节性变化	https://www.oxfordlearnersdictionaries.com/topic/category/travel	沿用 Oxford/BC 公开主题分类作为覆盖范围依据；扩展词，待在线词形核对。中文义项与短搭配自行整理，不复制词典长释义或例句；不是按考试分数筛选的词表，也不是量化高频榜。	
旅行与住宿	remote	adj.	远离主要居住地或交通中心的；另有远程的义	a remote mountain village	偏远山村	https://www.oxfordlearnersdictionaries.com/topic/category/travel	沿用 Oxford/BC 公开主题分类作为覆盖范围依据；词形已与本地 Oxford 3000/5000 索引核对。中文义项与短搭配自行整理，不复制词典长释义或例句；不是按考试分数筛选的词表，也不是量化高频榜。	
旅行与住宿	scenic	adj.	自然景色优美的	a scenic coastal route	风景优美的海岸路线	https://www.oxfordlearnersdictionaries.com/topic/category/travel	沿用 Oxford/BC 公开主题分类作为覆盖范围依据；扩展词，待在线词形核对。中文义项与短搭配自行整理，不复制词典长释义或例句；不是按考试分数筛选的词表，也不是量化高频榜。	
旅行与住宿	expedition	n.	为探索、研究等目的组织的行程	a scientific expedition	科学考察旅行	https://www.oxfordlearnersdictionaries.com/topic/category/travel	沿用 Oxford/BC 公开主题分类作为覆盖范围依据；词形已与本地 Oxford 3000/5000 索引核对。中文义项与短搭配自行整理，不复制词典长释义或例句；不是按考试分数筛选的词表，也不是量化高频榜。	
旅行与住宿	adventure	n.	新奇、刺激或有挑战的经历	an outdoor adventure	一次户外探险经历	https://www.oxfordlearnersdictionaries.com/topic/category/travel	沿用 Oxford/BC 公开主题分类作为覆盖范围依据；词形已与本地 Oxford 3000/5000 索引核对。中文义项与短搭配自行整理，不复制词典长释义或例句；不是按考试分数筛选的词表，也不是量化高频榜。	
住房与居家生活	accommodation	n.	住宿；住处，通常不可数	find suitable accommodation	找到合适的住处	https://www.cambridgeenglish.org/pl/Images/506887-b1-preliminary-vocabulary-list.pdf	主题范围参考 Cambridge B1 Preliminary 2025 公开词表；原表全文可检出此词形。中文义项与搭配由工作区整理，非真题原句；B1 是参考来源的级别，不是收录上限。	
住房与居家生活	property	n.	房产；此处指住宅或建筑	rent a property	租一处房产	https://www.cambridgeenglish.org/pl/Images/506887-b1-preliminary-vocabulary-list.pdf	主题范围参考 Cambridge B1 Preliminary 2025 公开词表；原表全文可检出此词形。中文义项与搭配由工作区整理，非真题原句；B1 是参考来源的级别，不是收录上限。	
住房与居家生活	apartment	n.	公寓套房	a two-bedroom apartment	一套两居室公寓	https://www.cambridgeenglish.org/pl/Images/506887-b1-preliminary-vocabulary-list.pdf	主题范围参考 Cambridge B1 Preliminary 2025 公开词表；原表全文可检出此词形。中文义项与搭配由工作区整理，非真题原句；B1 是参考来源的级别，不是收录上限。	
住房与居家生活	cottage	n.	乡间小屋	a small country cottage	一座乡间小屋	https://www.cambridgeenglish.org/pl/Images/506887-b1-preliminary-vocabulary-list.pdf	主题范围参考 Cambridge B1 Preliminary 2025 公开词表；原表全文可检出此词形。中文义项与搭配由工作区整理，非真题原句；B1 是参考来源的级别，不是收录上限。	
住房与居家生活	flatmate	n.	合租同一套住房的人	share a kitchen with a flatmate	与室友共用厨房	https://www.cambridgeenglish.org/pl/Images/506887-b1-preliminary-vocabulary-list.pdf	主题范围参考 Cambridge B1 Preliminary 2025 公开词表；原表全文可检出此词形。中文义项与搭配由工作区整理，非真题原句；B1 是参考来源的级别，不是收录上限。	
住房与居家生活	neighbour	n.	邻居	get to know your neighbours	认识你的邻居	https://www.cambridgeenglish.org/pl/Images/506887-b1-preliminary-vocabulary-list.pdf	主题范围参考 Cambridge B1 Preliminary 2025 公开词表；原表全文可检出此词形。中文义项与搭配由工作区整理，非真题原句；B1 是参考来源的级别，不是收录上限。	
住房与居家生活	rent	n.	租金	pay the rent on time	按时付房租	https://www.cambridgeenglish.org/pl/Images/506887-b1-preliminary-vocabulary-list.pdf	主题范围参考 Cambridge B1 Preliminary 2025 公开词表；原表全文可检出此词形。中文义项与搭配由工作区整理，非真题原句；B1 是参考来源的级别，不是收录上限。	
住房与居家生活	landlord	n.	房东	contact the landlord	联系房东	https://www.cambridgeenglish.org/pl/Images/506887-b1-preliminary-vocabulary-list.pdf	主题范围参考 Cambridge B1 Preliminary 2025 公开词表；此项为相关扩展，不声称来自该表的逐词摘录。中文义项与搭配由工作区整理，非真题原句；B1 是参考来源的级别，不是收录上限。	
住房与居家生活	tenant	n.	承租人；租户	a long-term tenant	长期租户	https://www.cambridgeenglish.org/pl/Images/506887-b1-preliminary-vocabulary-list.pdf	主题范围参考 Cambridge B1 Preliminary 2025 公开词表；此项为相关扩展，不声称来自该表的逐词摘录。中文义项与搭配由工作区整理，非真题原句；B1 是参考来源的级别，不是收录上限。	
住房与居家生活	deposit	n.	押金；也有订金义	pay a security deposit	交付保证金	https://www.cambridgeenglish.org/pl/Images/506887-b1-preliminary-vocabulary-list.pdf	主题范围参考 Cambridge B1 Preliminary 2025 公开词表；原表全文可检出此词形。中文义项与搭配由工作区整理，非真题原句；B1 是参考来源的级别，不是收录上限。	
住房与居家生活	balcony	n.	阳台	sit on the balcony	坐在阳台上	https://www.cambridgeenglish.org/pl/Images/506887-b1-preliminary-vocabulary-list.pdf	主题范围参考 Cambridge B1 Preliminary 2025 公开词表；原表全文可检出此词形。中文义项与搭配由工作区整理，非真题原句；B1 是参考来源的级别，不是收录上限。	
住房与居家生活	ceiling	n.	天花板	a high ceiling	高高的天花板	https://www.cambridgeenglish.org/pl/Images/506887-b1-preliminary-vocabulary-list.pdf	主题范围参考 Cambridge B1 Preliminary 2025 公开词表；原表全文可检出此词形。中文义项与搭配由工作区整理，非真题原句；B1 是参考来源的级别，不是收录上限。	
住房与居家生活	roof	n.	屋顶	repair a leaking roof	修补漏水的屋顶	https://www.cambridgeenglish.org/pl/Images/506887-b1-preliminary-vocabulary-list.pdf	主题范围参考 Cambridge B1 Preliminary 2025 公开词表；原表全文可检出此词形。中文义项与搭配由工作区整理，非真题原句；B1 是参考来源的级别，不是收录上限。	
住房与居家生活	entrance	n.	入口	the main entrance to the building	大楼的正门	https://www.cambridgeenglish.org/pl/Images/506887-b1-preliminary-vocabulary-list.pdf	主题范围参考 Cambridge B1 Preliminary 2025 公开词表；原表全文可检出此词形。中文义项与搭配由工作区整理，非真题原句；B1 是参考来源的级别，不是收录上限。	
住房与居家生活	stairs	n. pl.	楼梯	take the stairs	走楼梯	https://www.cambridgeenglish.org/pl/Images/506887-b1-preliminary-vocabulary-list.pdf	主题范围参考 Cambridge B1 Preliminary 2025 公开词表；原表全文可检出此词形。中文义项与搭配由工作区整理，非真题原句；B1 是参考来源的级别，不是收录上限。	
住房与居家生活	lift	n.	电梯，英式用法	take the lift to the fifth floor	乘电梯到五楼	https://www.cambridgeenglish.org/pl/Images/506887-b1-preliminary-vocabulary-list.pdf	主题范围参考 Cambridge B1 Preliminary 2025 公开词表；原表全文可检出此词形。中文义项与搭配由工作区整理，非真题原句；B1 是参考来源的级别，不是收录上限。	
住房与居家生活	garage	n.	车库	park in the garage	把车停在车库	https://www.cambridgeenglish.org/pl/Images/506887-b1-preliminary-vocabulary-list.pdf	主题范围参考 Cambridge B1 Preliminary 2025 公开词表；原表全文可检出此词形。中文义项与搭配由工作区整理，非真题原句；B1 是参考来源的级别，不是收录上限。	
住房与居家生活	furniture	n.	家具，不可数	a piece of furniture	一件家具	https://www.cambridgeenglish.org/pl/Images/506887-b1-preliminary-vocabulary-list.pdf	主题范围参考 Cambridge B1 Preliminary 2025 公开词表；原表全文可检出此词形。中文义项与搭配由工作区整理，非真题原句；B1 是参考来源的级别，不是收录上限。	
住房与居家生活	cupboard	n.	带柜门的储物柜	put the dishes in the cupboard	把餐具放进柜子	https://www.cambridgeenglish.org/pl/Images/506887-b1-preliminary-vocabulary-list.pdf	主题范围参考 Cambridge B1 Preliminary 2025 公开词表；原表全文可检出此词形。中文义项与搭配由工作区整理，非真题原句；B1 是参考来源的级别，不是收录上限。	
住房与居家生活	curtain	n.	窗帘	draw the curtains	拉上窗帘	https://www.cambridgeenglish.org/pl/Images/506887-b1-preliminary-vocabulary-list.pdf	主题范围参考 Cambridge B1 Preliminary 2025 公开词表；原表全文可检出此词形。中文义项与搭配由工作区整理，非真题原句；B1 是参考来源的级别，不是收录上限。	
住房与居家生活	heating	n.	供暖	turn on the central heating	打开中央供暖	https://www.cambridgeenglish.org/pl/Images/506887-b1-preliminary-vocabulary-list.pdf	主题范围参考 Cambridge B1 Preliminary 2025 公开词表；原表全文可检出此词形。中文义项与搭配由工作区整理，非真题原句；B1 是参考来源的级别，不是收录上限。	
住房与居家生活	air conditioning	n.	空调系统	a room with air conditioning	有空调的房间	https://www.cambridgeenglish.org/pl/Images/506887-b1-preliminary-vocabulary-list.pdf	主题范围参考 Cambridge B1 Preliminary 2025 公开词表；原表全文可检出此词形。中文义项与搭配由工作区整理，非真题原句；B1 是参考来源的级别，不是收录上限。	
住房与居家生活	repair	v.	修理	repair a broken window	修好破损的窗户	https://www.cambridgeenglish.org/pl/Images/506887-b1-preliminary-vocabulary-list.pdf	主题范围参考 Cambridge B1 Preliminary 2025 公开词表；原表全文可检出此词形。中文义项与搭配由工作区整理，非真题原句；B1 是参考来源的级别，不是收录上限。	
住房与居家生活	housework	n.	家务，不可数	share the housework	分担家务	https://www.cambridgeenglish.org/pl/Images/506887-b1-preliminary-vocabulary-list.pdf	主题范围参考 Cambridge B1 Preliminary 2025 公开词表；原表全文可检出此词形。中文义项与搭配由工作区整理，非真题原句；B1 是参考来源的级别，不是收录上限。	
住房与居家生活	move	v.	搬家；此处指迁居	move into a new flat	搬进新公寓	https://www.cambridgeenglish.org/pl/Images/506887-b1-preliminary-vocabulary-list.pdf	主题范围参考 Cambridge B1 Preliminary 2025 公开词表；原表全文可检出此词形。中文义项与搭配由工作区整理，非真题原句；B1 是参考来源的级别，不是收录上限。	
食物、烹饪与饮食	ingredient	n.	配料；原料	fresh ingredients	新鲜食材	https://www.cambridgeenglish.org/pl/Images/506887-b1-preliminary-vocabulary-list.pdf	主题范围参考 Cambridge B1 Preliminary 2025 公开词表；原表全文可检出此词形。中文义项与搭配由工作区整理，非真题原句；B1 是参考来源的级别，不是收录上限。	
食物、烹饪与饮食	recipe	n.	食谱；烹饪方法	follow a recipe	按照食谱做菜	https://www.cambridgeenglish.org/pl/Images/506887-b1-preliminary-vocabulary-list.pdf	主题范围参考 Cambridge B1 Preliminary 2025 公开词表；原表全文可检出此词形。中文义项与搭配由工作区整理，非真题原句；B1 是参考来源的级别，不是收录上限。	
食物、烹饪与饮食	meal	n.	一餐；一顿饭	prepare an evening meal	准备晚餐	https://www.cambridgeenglish.org/pl/Images/506887-b1-preliminary-vocabulary-list.pdf	主题范围参考 Cambridge B1 Preliminary 2025 公开词表；原表全文可检出此词形。中文义项与搭配由工作区整理，非真题原句；B1 是参考来源的级别，不是收录上限。	
食物、烹饪与饮食	dish	n.	一道菜；另有盘子义	a traditional local dish	一道当地传统菜	https://www.cambridgeenglish.org/pl/Images/506887-b1-preliminary-vocabulary-list.pdf	主题范围参考 Cambridge B1 Preliminary 2025 公开词表；原表全文可检出此词形。中文义项与搭配由工作区整理，非真题原句；B1 是参考来源的级别，不是收录上限。	
食物、烹饪与饮食	portion	n.	食物的一份	a small portion of rice	一小份米饭	https://www.cambridgeenglish.org/pl/Images/506887-b1-preliminary-vocabulary-list.pdf	主题范围参考 Cambridge B1 Preliminary 2025 公开词表；此项为相关扩展，不声称来自该表的逐词摘录。中文义项与搭配由工作区整理，非真题原句；B1 是参考来源的级别，不是收录上限。	
食物、烹饪与饮食	flavour	n.	风味；味道	a rich flavour	浓郁的味道	https://www.cambridgeenglish.org/pl/Images/506887-b1-preliminary-vocabulary-list.pdf	主题范围参考 Cambridge B1 Preliminary 2025 公开词表；原表全文可检出此词形。中文义项与搭配由工作区整理，非真题原句；B1 是参考来源的级别，不是收录上限。	
食物、烹饪与饮食	taste	v.	尝起来	taste slightly sweet	尝起来略甜	https://www.cambridgeenglish.org/pl/Images/506887-b1-preliminary-vocabulary-list.pdf	主题范围参考 Cambridge B1 Preliminary 2025 公开词表；原表全文可检出此词形。中文义项与搭配由工作区整理，非真题原句；B1 是参考来源的级别，不是收录上限。	
食物、烹饪与饮食	fresh	adj.	新鲜的	fresh fruit and vegetables	新鲜水果和蔬菜	https://www.cambridgeenglish.org/pl/Images/506887-b1-preliminary-vocabulary-list.pdf	主题范围参考 Cambridge B1 Preliminary 2025 公开词表；原表全文可检出此词形。中文义项与搭配由工作区整理，非真题原句；B1 是参考来源的级别，不是收录上限。	
食物、烹饪与饮食	raw	adj.	未烹煮的；生的	raw meat	生肉	https://www.cambridgeenglish.org/pl/Images/506887-b1-preliminary-vocabulary-list.pdf	主题范围参考 Cambridge B1 Preliminary 2025 公开词表；原表全文可检出此词形。中文义项与搭配由工作区整理，非真题原句；B1 是参考来源的级别，不是收录上限。	
食物、烹饪与饮食	ripe	adj.	水果或谷物成熟的	a ripe banana	一根成熟的香蕉	https://www.cambridgeenglish.org/pl/Images/506887-b1-preliminary-vocabulary-list.pdf	主题范围参考 Cambridge B1 Preliminary 2025 公开词表；此项为相关扩展，不声称来自该表的逐词摘录。中文义项与搭配由工作区整理，非真题原句；B1 是参考来源的级别，不是收录上限。	
食物、烹饪与饮食	boil	v.	煮；使沸腾	boil the potatoes	把土豆煮熟	https://www.cambridgeenglish.org/pl/Images/506887-b1-preliminary-vocabulary-list.pdf	主题范围参考 Cambridge B1 Preliminary 2025 公开词表；原表全文可检出此词形。中文义项与搭配由工作区整理，非真题原句；B1 是参考来源的级别，不是收录上限。	
食物、烹饪与饮食	fry	v.	油煎；油炸	fry an egg	煎一个鸡蛋	https://www.cambridgeenglish.org/pl/Images/506887-b1-preliminary-vocabulary-list.pdf	主题范围参考 Cambridge B1 Preliminary 2025 公开词表；原表全文可检出此词形。中文义项与搭配由工作区整理，非真题原句；B1 是参考来源的级别，不是收录上限。	
食物、烹饪与饮食	bake	v.	用烤箱烘焙	bake a loaf of bread	烤一条面包	https://www.cambridgeenglish.org/pl/Images/506887-b1-preliminary-vocabulary-list.pdf	主题范围参考 Cambridge B1 Preliminary 2025 公开词表；原表全文可检出此词形。中文义项与搭配由工作区整理，非真题原句；B1 是参考来源的级别，不是收录上限。	
食物、烹饪与饮食	grill	v.	烧烤	grill the fish	烤鱼	https://www.cambridgeenglish.org/pl/Images/506887-b1-preliminary-vocabulary-list.pdf	主题范围参考 Cambridge B1 Preliminary 2025 公开词表；原表全文可检出此词形。中文义项与搭配由工作区整理，非真题原句；B1 是参考来源的级别，不是收录上限。	
食物、烹饪与饮食	roast	v.	烘烤肉类或蔬菜	roast the vegetables	烤蔬菜	https://www.cambridgeenglish.org/pl/Images/506887-b1-preliminary-vocabulary-list.pdf	主题范围参考 Cambridge B1 Preliminary 2025 公开词表；原表全文可检出此词形。中文义项与搭配由工作区整理，非真题原句；B1 是参考来源的级别，不是收录上限。	
食物、烹饪与饮食	chop	v.	切碎	chop an onion	切碎一个洋葱	https://www.cambridgeenglish.org/pl/Images/506887-b1-preliminary-vocabulary-list.pdf	主题范围参考 Cambridge B1 Preliminary 2025 公开词表；此项为相关扩展，不声称来自该表的逐词摘录。中文义项与搭配由工作区整理，非真题原句；B1 是参考来源的级别，不是收录上限。	
食物、烹饪与饮食	slice	v.	切成薄片	slice the bread	把面包切片	https://www.cambridgeenglish.org/pl/Images/506887-b1-preliminary-vocabulary-list.pdf	主题范围参考 Cambridge B1 Preliminary 2025 公开词表；原表全文可检出此词形。中文义项与搭配由工作区整理，非真题原句；B1 是参考来源的级别，不是收录上限。	
食物、烹饪与饮食	stir	v.	搅拌	stir the soup gently	轻轻搅拌汤	https://www.cambridgeenglish.org/pl/Images/506887-b1-preliminary-vocabulary-list.pdf	主题范围参考 Cambridge B1 Preliminary 2025 公开词表；原表全文可检出此词形。中文义项与搭配由工作区整理，非真题原句；B1 是参考来源的级别，不是收录上限。	
食物、烹饪与饮食	pour	v.	倒；倾倒液体	pour milk into a bowl	把牛奶倒进碗里	https://www.cambridgeenglish.org/pl/Images/506887-b1-preliminary-vocabulary-list.pdf	主题范围参考 Cambridge B1 Preliminary 2025 公开词表；原表全文可检出此词形。中文义项与搭配由工作区整理，非真题原句；B1 是参考来源的级别，不是收录上限。	
食物、烹饪与饮食	serve	v.	端上饭菜；供应	serve the soup hot	趁热上汤	https://www.cambridgeenglish.org/pl/Images/506887-b1-preliminary-vocabulary-list.pdf	主题范围参考 Cambridge B1 Preliminary 2025 公开词表；原表全文可检出此词形。中文义项与搭配由工作区整理，非真题原句；B1 是参考来源的级别，不是收录上限。	
食物、烹饪与饮食	leftovers	n. pl.	剩饭菜	use up the leftovers	吃完或用完剩下的饭菜	https://www.cambridgeenglish.org/pl/Images/506887-b1-preliminary-vocabulary-list.pdf	主题范围参考 Cambridge B1 Preliminary 2025 公开词表；此项为相关扩展，不声称来自该表的逐词摘录。中文义项与搭配由工作区整理，非真题原句；B1 是参考来源的级别，不是收录上限。	
食物、烹饪与饮食	vegetarian	adj.	不含肉和鱼的	a vegetarian meal	一顿素食餐	https://www.cambridgeenglish.org/pl/Images/506887-b1-preliminary-vocabulary-list.pdf	主题范围参考 Cambridge B1 Preliminary 2025 公开词表；原表全文可检出此词形。中文义项与搭配由工作区整理，非真题原句；B1 是参考来源的级别，不是收录上限。	
食物、烹饪与饮食	diet	n.	日常饮食；非仅指减肥	a balanced diet	均衡饮食	https://www.cambridgeenglish.org/pl/Images/506887-b1-preliminary-vocabulary-list.pdf	主题范围参考 Cambridge B1 Preliminary 2025 公开词表；原表全文可检出此词形。中文义项与搭配由工作区整理，非真题原句；B1 是参考来源的级别，不是收录上限。	
食物、烹饪与饮食	appetite	n.	食欲	lose your appetite	没有胃口	https://www.cambridgeenglish.org/pl/Images/506887-b1-preliminary-vocabulary-list.pdf	主题范围参考 Cambridge B1 Preliminary 2025 公开词表；此项为相关扩展，不声称来自该表的逐词摘录。中文义项与搭配由工作区整理，非真题原句；B1 是参考来源的级别，不是收录上限。	
食物、烹饪与饮食	allergy	n.	过敏	a food allergy	食物过敏	https://www.cambridgeenglish.org/pl/Images/506887-b1-preliminary-vocabulary-list.pdf	主题范围参考 Cambridge B1 Preliminary 2025 公开词表；此项为相关扩展，不声称来自该表的逐词摘录。中文义项与搭配由工作区整理，非真题原句；B1 是参考来源的级别，不是收录上限。	
衣着、购物与退换	clothing	n.	衣物的总称，不可数	warm clothing	保暖衣物	https://www.cambridgeenglish.org/pl/Images/506887-b1-preliminary-vocabulary-list.pdf	主题范围参考 Cambridge B1 Preliminary 2025 公开词表；原表全文可检出此词形。中文义项与搭配由工作区整理，非真题原句；B1 是参考来源的级别，不是收录上限。	
衣着、购物与退换	outfit	n.	一整套搭配的衣服	a casual outfit	一身休闲装	https://www.cambridgeenglish.org/pl/Images/506887-b1-preliminary-vocabulary-list.pdf	主题范围参考 Cambridge B1 Preliminary 2025 公开词表；此项为相关扩展，不声称来自该表的逐词摘录。中文义项与搭配由工作区整理，非真题原句；B1 是参考来源的级别，不是收录上限。	
衣着、购物与退换	fabric	n.	织物；布料	a soft cotton fabric	柔软的棉布	https://www.cambridgeenglish.org/pl/Images/506887-b1-preliminary-vocabulary-list.pdf	主题范围参考 Cambridge B1 Preliminary 2025 公开词表；此项为相关扩展，不声称来自该表的逐词摘录。中文义项与搭配由工作区整理，非真题原句；B1 是参考来源的级别，不是收录上限。	
衣着、购物与退换	cotton	n.	棉；棉布	a cotton shirt	一件棉衬衫	https://www.cambridgeenglish.org/pl/Images/506887-b1-preliminary-vocabulary-list.pdf	主题范围参考 Cambridge B1 Preliminary 2025 公开词表；原表全文可检出此词形。中文义项与搭配由工作区整理，非真题原句；B1 是参考来源的级别，不是收录上限。	
衣着、购物与退换	wool	n.	羊毛；毛料	a wool blanket	一条羊毛毯	https://www.cambridgeenglish.org/pl/Images/506887-b1-preliminary-vocabulary-list.pdf	主题范围参考 Cambridge B1 Preliminary 2025 公开词表；原表全文可检出此词形。中文义项与搭配由工作区整理，非真题原句；B1 是参考来源的级别，不是收录上限。	
衣着、购物与退换	leather	n.	皮革	a leather bag	一个皮包	https://www.cambridgeenglish.org/pl/Images/506887-b1-preliminary-vocabulary-list.pdf	主题范围参考 Cambridge B1 Preliminary 2025 公开词表；原表全文可检出此词形。中文义项与搭配由工作区整理，非真题原句；B1 是参考来源的级别，不是收录上限。	
衣着、购物与退换	sleeve	n.	衣袖	roll up your sleeves	卷起袖子	https://www.cambridgeenglish.org/pl/Images/506887-b1-preliminary-vocabulary-list.pdf	主题范围参考 Cambridge B1 Preliminary 2025 公开词表；原表全文可检出此词形。中文义项与搭配由工作区整理，非真题原句；B1 是参考来源的级别，不是收录上限。	
衣着、购物与退换	collar	n.	衣领	a shirt collar	衬衫领	https://www.cambridgeenglish.org/pl/Images/506887-b1-preliminary-vocabulary-list.pdf	主题范围参考 Cambridge B1 Preliminary 2025 公开词表；原表全文可检出此词形。中文义项与搭配由工作区整理，非真题原句；B1 是参考来源的级别，不是收录上限。	
衣着、购物与退换	button	n.	纽扣	sew on a button	缝上一颗纽扣	https://www.cambridgeenglish.org/pl/Images/506887-b1-preliminary-vocabulary-list.pdf	主题范围参考 Cambridge B1 Preliminary 2025 公开词表；原表全文可检出此词形。中文义项与搭配由工作区整理，非真题原句；B1 是参考来源的级别，不是收录上限。	
衣着、购物与退换	zip	n.	拉链，英式用法	do up the zip	拉上拉链	https://www.cambridgeenglish.org/pl/Images/506887-b1-preliminary-vocabulary-list.pdf	主题范围参考 Cambridge B1 Preliminary 2025 公开词表；此项为相关扩展，不声称来自该表的逐词摘录。中文义项与搭配由工作区整理，非真题原句；B1 是参考来源的级别，不是收录上限。	
衣着、购物与退换	pocket	n.	口袋	keep your keys in your pocket	把钥匙放在口袋里	https://www.cambridgeenglish.org/pl/Images/506887-b1-preliminary-vocabulary-list.pdf	主题范围参考 Cambridge B1 Preliminary 2025 公开词表；原表全文可检出此词形。中文义项与搭配由工作区整理，非真题原句；B1 是参考来源的级别，不是收录上限。	
衣着、购物与退换	fit	v.	大小或形状合适	These shoes fit well.	这双鞋很合脚。	https://www.cambridgeenglish.org/pl/Images/506887-b1-preliminary-vocabulary-list.pdf	主题范围参考 Cambridge B1 Preliminary 2025 公开词表；原表全文可检出此词形。中文义项与搭配由工作区整理，非真题原句；B1 是参考来源的级别，不是收录上限。	
衣着、购物与退换	suit	v.	适合某人的外貌或需要	That colour suits you.	那个颜色很适合你。	https://www.cambridgeenglish.org/pl/Images/506887-b1-preliminary-vocabulary-list.pdf	主题范围参考 Cambridge B1 Preliminary 2025 公开词表；原表全文可检出此词形。中文义项与搭配由工作区整理，非真题原句；B1 是参考来源的级别，不是收录上限。	
衣着、购物与退换	loose	adj.	宽松的；不紧的	loose clothing	宽松的衣服	https://www.cambridgeenglish.org/pl/Images/506887-b1-preliminary-vocabulary-list.pdf	主题范围参考 Cambridge B1 Preliminary 2025 公开词表；原表全文可检出此词形。中文义项与搭配由工作区整理，非真题原句；B1 是参考来源的级别，不是收录上限。	
衣着、购物与退换	tight	adj.	紧身的；过紧的	These trousers are too tight.	这条裤子太紧了。	https://www.cambridgeenglish.org/pl/Images/506887-b1-preliminary-vocabulary-list.pdf	主题范围参考 Cambridge B1 Preliminary 2025 公开词表；原表全文可检出此词形。中文义项与搭配由工作区整理，非真题原句；B1 是参考来源的级别，不是收录上限。	
衣着、购物与退换	try on	phr. v.	试穿	try on a jacket	试穿一件夹克	https://www.cambridgeenglish.org/pl/Images/506887-b1-preliminary-vocabulary-list.pdf	主题范围参考 Cambridge B1 Preliminary 2025 公开词表；原表全文可检出此词形。中文义项与搭配由工作区整理，非真题原句；B1 是参考来源的级别，不是收录上限。	
衣着、购物与退换	label	n.	标签	check the washing label	查看洗涤标签	https://www.cambridgeenglish.org/pl/Images/506887-b1-preliminary-vocabulary-list.pdf	主题范围参考 Cambridge B1 Preliminary 2025 公开词表；原表全文可检出此词形。中文义项与搭配由工作区整理，非真题原句；B1 是参考来源的级别，不是收录上限。	
衣着、购物与退换	size	n.	尺码；尺寸	Do you have this in a larger size?	这件有更大尺码的吗？	https://www.cambridgeenglish.org/pl/Images/506887-b1-preliminary-vocabulary-list.pdf	主题范围参考 Cambridge B1 Preliminary 2025 公开词表；原表全文可检出此词形。中文义项与搭配由工作区整理，非真题原句；B1 是参考来源的级别，不是收录上限。	
衣着、购物与退换	bargain	n.	价格划算的商品	find a real bargain	买到真正划算的东西	https://www.cambridgeenglish.org/pl/Images/506887-b1-preliminary-vocabulary-list.pdf	主题范围参考 Cambridge B1 Preliminary 2025 公开词表；原表全文可检出此词形。中文义项与搭配由工作区整理，非真题原句；B1 是参考来源的级别，不是收录上限。	
衣着、购物与退换	receipt	n.	收据；购物小票	keep the receipt	保留收据	https://www.cambridgeenglish.org/pl/Images/506887-b1-preliminary-vocabulary-list.pdf	主题范围参考 Cambridge B1 Preliminary 2025 公开词表；原表全文可检出此词形。中文义项与搭配由工作区整理，非真题原句；B1 是参考来源的级别，不是收录上限。	
衣着、购物与退换	refund	n.	退款	ask for a refund	要求退款	https://www.cambridgeenglish.org/pl/Images/506887-b1-preliminary-vocabulary-list.pdf	主题范围参考 Cambridge B1 Preliminary 2025 公开词表；原表全文可检出此词形。中文义项与搭配由工作区整理，非真题原句；B1 是参考来源的级别，不是收录上限。	
衣着、购物与退换	exchange	v.	换货；交换	exchange it for a different size	换成另一种尺码	https://www.cambridgeenglish.org/pl/Images/506887-b1-preliminary-vocabulary-list.pdf	主题范围参考 Cambridge B1 Preliminary 2025 公开词表；原表全文可检出此词形。中文义项与搭配由工作区整理，非真题原句；B1 是参考来源的级别，不是收录上限。	
衣着、购物与退换	damaged	adj.	受损的	return damaged goods	退回损坏的商品	https://www.cambridgeenglish.org/pl/Images/506887-b1-preliminary-vocabulary-list.pdf	主题范围参考 Cambridge B1 Preliminary 2025 公开词表；原表全文可检出此词形。中文义项与搭配由工作区整理，非真题原句；B1 是参考来源的级别，不是收录上限。	
衣着、购物与退换	second-hand	adj.	二手的	buy second-hand clothes	买二手衣服	https://www.cambridgeenglish.org/pl/Images/506887-b1-preliminary-vocabulary-list.pdf	主题范围参考 Cambridge B1 Preliminary 2025 公开词表；原表全文可检出此词形。中文义项与搭配由工作区整理，非真题原句；B1 是参考来源的级别，不是收录上限。	
衣着、购物与退换	afford	v.	负担得起	can afford a new coat	买得起一件新外套	https://www.cambridgeenglish.org/pl/Images/506887-b1-preliminary-vocabulary-list.pdf	主题范围参考 Cambridge B1 Preliminary 2025 公开词表；原表全文可检出此词形。中文义项与搭配由工作区整理，非真题原句；B1 是参考来源的级别，不是收录上限。	
动物与生物	species	n.	物种；单复数同形	a rare species of bird	一种罕见鸟类	https://www.cambridgeenglish.org/pl/Images/506887-b1-preliminary-vocabulary-list.pdf	主题范围参考 Cambridge B1 Preliminary 2025 公开词表；原表全文可检出此词形。中文义项与搭配由工作区整理，非真题原句；B1 是参考来源的级别，不是收录上限。	
动物与生物	mammal	n.	哺乳动物	marine mammals	海洋哺乳动物	https://www.cambridgeenglish.org/pl/Images/506887-b1-preliminary-vocabulary-list.pdf	主题范围参考 Cambridge B1 Preliminary 2025 公开词表；此项为相关扩展，不声称来自该表的逐词摘录。中文义项与搭配由工作区整理，非真题原句；B1 是参考来源的级别，不是收录上限。	
动物与生物	insect	n.	昆虫	insect bites	昆虫叮咬	https://www.cambridgeenglish.org/pl/Images/506887-b1-preliminary-vocabulary-list.pdf	主题范围参考 Cambridge B1 Preliminary 2025 公开词表；原表全文可检出此词形。中文义项与搭配由工作区整理，非真题原句；B1 是参考来源的级别，不是收录上限。	
动物与生物	reptile	n.	爬行动物	snakes and other reptiles	蛇和其他爬行动物	https://www.cambridgeenglish.org/pl/Images/506887-b1-preliminary-vocabulary-list.pdf	主题范围参考 Cambridge B1 Preliminary 2025 公开词表；此项为相关扩展，不声称来自该表的逐词摘录。中文义项与搭配由工作区整理，非真题原句；B1 是参考来源的级别，不是收录上限。	
动物与生物	bird	n.	鸟	watch birds in the garden	观察花园里的鸟	https://www.cambridgeenglish.org/pl/Images/506887-b1-preliminary-vocabulary-list.pdf	主题范围参考 Cambridge B1 Preliminary 2025 公开词表；原表全文可检出此词形。中文义项与搭配由工作区整理，非真题原句；B1 是参考来源的级别，不是收录上限。	
动物与生物	fish	n.	鱼；通常单复数同形	freshwater fish	淡水鱼	https://www.cambridgeenglish.org/pl/Images/506887-b1-preliminary-vocabulary-list.pdf	主题范围参考 Cambridge B1 Preliminary 2025 公开词表；原表全文可检出此词形。中文义项与搭配由工作区整理，非真题原句；B1 是参考来源的级别，不是收录上限。	
动物与生物	wildlife	n.	野生动物的总称，不可数	protect local wildlife	保护当地野生动物	https://www.cambridgeenglish.org/pl/Images/506887-b1-preliminary-vocabulary-list.pdf	主题范围参考 Cambridge B1 Preliminary 2025 公开词表；原表全文可检出此词形。中文义项与搭配由工作区整理，非真题原句；B1 是参考来源的级别，不是收录上限。	
动物与生物	habitat	n.	生物栖息地	loss of natural habitat	自然栖息地的丧失	https://www.cambridgeenglish.org/pl/Images/506887-b1-preliminary-vocabulary-list.pdf	主题范围参考 Cambridge B1 Preliminary 2025 公开词表；此项为相关扩展，不声称来自该表的逐词摘录。中文义项与搭配由工作区整理，非真题原句；B1 是参考来源的级别，不是收录上限。	
动物与生物	predator	n.	捕食其他动物的动物	a natural predator	自然捕食者	https://www.cambridgeenglish.org/pl/Images/506887-b1-preliminary-vocabulary-list.pdf	主题范围参考 Cambridge B1 Preliminary 2025 公开词表；此项为相关扩展，不声称来自该表的逐词摘录。中文义项与搭配由工作区整理，非真题原句；B1 是参考来源的级别，不是收录上限。	
动物与生物	prey	n.	被捕食的动物；猎物，不可数	birds of prey	猛禽	https://www.cambridgeenglish.org/pl/Images/506887-b1-preliminary-vocabulary-list.pdf	主题范围参考 Cambridge B1 Preliminary 2025 公开词表；此项为相关扩展，不声称来自该表的逐词摘录。中文义项与搭配由工作区整理，非真题原句；B1 是参考来源的级别，不是收录上限。	
动物与生物	breed	v.	繁殖；也指培育	breed in the spring	在春季繁殖	https://www.cambridgeenglish.org/pl/Images/506887-b1-preliminary-vocabulary-list.pdf	主题范围参考 Cambridge B1 Preliminary 2025 公开词表；此项为相关扩展，不声称来自该表的逐词摘录。中文义项与搭配由工作区整理，非真题原句；B1 是参考来源的级别，不是收录上限。	
动物与生物	feed	v.	喂养；进食	feed on insects	以昆虫为食	https://www.cambridgeenglish.org/pl/Images/506887-b1-preliminary-vocabulary-list.pdf	主题范围参考 Cambridge B1 Preliminary 2025 公开词表；原表全文可检出此词形。中文义项与搭配由工作区整理，非真题原句；B1 是参考来源的级别，不是收录上限。	
动物与生物	hunt	v.	捕猎	hunt for food	猎取食物	https://www.cambridgeenglish.org/pl/Images/506887-b1-preliminary-vocabulary-list.pdf	主题范围参考 Cambridge B1 Preliminary 2025 公开词表；原表全文可检出此词形。中文义项与搭配由工作区整理，非真题原句；B1 是参考来源的级别，不是收录上限。	
动物与生物	migrate	v.	迁徙	migrate south for the winter	向南迁徙过冬	https://www.cambridgeenglish.org/pl/Images/506887-b1-preliminary-vocabulary-list.pdf	主题范围参考 Cambridge B1 Preliminary 2025 公开词表；此项为相关扩展，不声称来自该表的逐词摘录。中文义项与搭配由工作区整理，非真题原句；B1 是参考来源的级别，不是收录上限。	
动物与生物	survive	v.	存活	survive in a harsh climate	在严酷气候中生存	https://www.cambridgeenglish.org/pl/Images/506887-b1-preliminary-vocabulary-list.pdf	主题范围参考 Cambridge B1 Preliminary 2025 公开词表；此项为相关扩展，不声称来自该表的逐词摘录。中文义项与搭配由工作区整理，非真题原句；B1 是参考来源的级别，不是收录上限。	
动物与生物	nest	n.	鸟巢；动物的窝	build a nest	筑巢	https://www.cambridgeenglish.org/pl/Images/506887-b1-preliminary-vocabulary-list.pdf	主题范围参考 Cambridge B1 Preliminary 2025 公开词表；原表全文可检出此词形。中文义项与搭配由工作区整理，非真题原句；B1 是参考来源的级别，不是收录上限。	
动物与生物	wing	n.	翅膀	spread its wings	展开翅膀	https://www.cambridgeenglish.org/pl/Images/506887-b1-preliminary-vocabulary-list.pdf	主题范围参考 Cambridge B1 Preliminary 2025 公开词表；原表全文可检出此词形。中文义项与搭配由工作区整理，非真题原句；B1 是参考来源的级别，不是收录上限。	
动物与生物	feather	n.	羽毛	brightly coloured feathers	色彩鲜艳的羽毛	https://www.cambridgeenglish.org/pl/Images/506887-b1-preliminary-vocabulary-list.pdf	主题范围参考 Cambridge B1 Preliminary 2025 公开词表；此项为相关扩展，不声称来自该表的逐词摘录。中文义项与搭配由工作区整理，非真题原句；B1 是参考来源的级别，不是收录上限。	
动物与生物	fur	n.	动物的软毛；皮毛	thick fur	浓密的毛	https://www.cambridgeenglish.org/pl/Images/506887-b1-preliminary-vocabulary-list.pdf	主题范围参考 Cambridge B1 Preliminary 2025 公开词表；原表全文可检出此词形。中文义项与搭配由工作区整理，非真题原句；B1 是参考来源的级别，不是收录上限。	
动物与生物	claw	n.	爪；爪状结构	sharp claws	锋利的爪	https://www.cambridgeenglish.org/pl/Images/506887-b1-preliminary-vocabulary-list.pdf	主题范围参考 Cambridge B1 Preliminary 2025 公开词表；此项为相关扩展，不声称来自该表的逐词摘录。中文义项与搭配由工作区整理，非真题原句；B1 是参考来源的级别，不是收录上限。	
动物与生物	tail	n.	尾巴	wag its tail	摇尾巴	https://www.cambridgeenglish.org/pl/Images/506887-b1-preliminary-vocabulary-list.pdf	主题范围参考 Cambridge B1 Preliminary 2025 公开词表；此项为相关扩展，不声称来自该表的逐词摘录。中文义项与搭配由工作区整理，非真题原句；B1 是参考来源的级别，不是收录上限。	
动物与生物	pet	n.	宠物	keep a pet	养宠物	https://www.cambridgeenglish.org/pl/Images/506887-b1-preliminary-vocabulary-list.pdf	主题范围参考 Cambridge B1 Preliminary 2025 公开词表；原表全文可检出此词形。中文义项与搭配由工作区整理，非真题原句；B1 是参考来源的级别，不是收录上限。	
动物与生物	cattle	n. pl.	牛的集合称呼	a herd of cattle	一群牛	https://www.cambridgeenglish.org/pl/Images/506887-b1-preliminary-vocabulary-list.pdf	主题范围参考 Cambridge B1 Preliminary 2025 公开词表；原表全文可检出此词形。中文义项与搭配由工作区整理，非真题原句；B1 是参考来源的级别，不是收录上限。	
动物与生物	flock	n.	鸟群或羊群	a flock of sheep	一群羊	https://www.cambridgeenglish.org/pl/Images/506887-b1-preliminary-vocabulary-list.pdf	主题范围参考 Cambridge B1 Preliminary 2025 公开词表；此项为相关扩展，不声称来自该表的逐词摘录。中文义项与搭配由工作区整理，非真题原句；B1 是参考来源的级别，不是收录上限。	
动物与生物	extinct	adj.	已灭绝的	become extinct	灭绝	https://www.cambridgeenglish.org/pl/Images/506887-b1-preliminary-vocabulary-list.pdf	主题范围参考 Cambridge B1 Preliminary 2025 公开词表；此项为相关扩展，不声称来自该表的逐词摘录。中文义项与搭配由工作区整理，非真题原句；B1 是参考来源的级别，不是收录上限。	
地理、风景与天气	continent	n.	洲；大陆	the African continent	非洲大陆	https://www.cambridgeenglish.org/pl/Images/506887-b1-preliminary-vocabulary-list.pdf	主题范围参考 Cambridge B1 Preliminary 2025 公开词表；原表全文可检出此词形。中文义项与搭配由工作区整理，非真题原句；B1 是参考来源的级别，不是收录上限。	
地理、风景与天气	coast	n.	海岸地区	live on the coast	住在沿海	https://www.cambridgeenglish.org/pl/Images/506887-b1-preliminary-vocabulary-list.pdf	主题范围参考 Cambridge B1 Preliminary 2025 公开词表；原表全文可检出此词形。中文义项与搭配由工作区整理，非真题原句；B1 是参考来源的级别，不是收录上限。	
地理、风景与天气	bay	n.	海湾	a sheltered bay	一个避风海湾	https://www.cambridgeenglish.org/pl/Images/506887-b1-preliminary-vocabulary-list.pdf	主题范围参考 Cambridge B1 Preliminary 2025 公开词表；原表全文可检出此词形。中文义项与搭配由工作区整理，非真题原句；B1 是参考来源的级别，不是收录上限。	
地理、风景与天气	cliff	n.	悬崖	steep coastal cliffs	陡峭的海边悬崖	https://www.cambridgeenglish.org/pl/Images/506887-b1-preliminary-vocabulary-list.pdf	主题范围参考 Cambridge B1 Preliminary 2025 公开词表；原表全文可检出此词形。中文义项与搭配由工作区整理，非真题原句；B1 是参考来源的级别，不是收录上限。	
地理、风景与天气	valley	n.	山谷	a river valley	河谷	https://www.cambridgeenglish.org/pl/Images/506887-b1-preliminary-vocabulary-list.pdf	主题范围参考 Cambridge B1 Preliminary 2025 公开词表；原表全文可检出此词形。中文义项与搭配由工作区整理，非真题原句；B1 是参考来源的级别，不是收录上限。	
地理、风景与天气	desert	n.	沙漠	a hot, dry desert	炎热干燥的沙漠	https://www.cambridgeenglish.org/pl/Images/506887-b1-preliminary-vocabulary-list.pdf	主题范围参考 Cambridge B1 Preliminary 2025 公开词表；原表全文可检出此词形。中文义项与搭配由工作区整理，非真题原句；B1 是参考来源的级别，不是收录上限。	
地理、风景与天气	forest	n.	森林	a dense forest	茂密的森林	https://www.cambridgeenglish.org/pl/Images/506887-b1-preliminary-vocabulary-list.pdf	主题范围参考 Cambridge B1 Preliminary 2025 公开词表；原表全文可检出此词形。中文义项与搭配由工作区整理，非真题原句；B1 是参考来源的级别，不是收录上限。	
地理、风景与天气	rainforest	n.	雨林	tropical rainforest	热带雨林	https://www.cambridgeenglish.org/pl/Images/506887-b1-preliminary-vocabulary-list.pdf	主题范围参考 Cambridge B1 Preliminary 2025 公开词表；原表全文可检出此词形。中文义项与搭配由工作区整理，非真题原句；B1 是参考来源的级别，不是收录上限。	
地理、风景与天气	island	n.	岛屿	a remote island	一座偏远岛屿	https://www.cambridgeenglish.org/pl/Images/506887-b1-preliminary-vocabulary-list.pdf	主题范围参考 Cambridge B1 Preliminary 2025 公开词表；原表全文可检出此词形。中文义项与搭配由工作区整理，非真题原句；B1 是参考来源的级别，不是收录上限。	
地理、风景与天气	lake	n.	湖泊	swim in the lake	在湖里游泳	https://www.cambridgeenglish.org/pl/Images/506887-b1-preliminary-vocabulary-list.pdf	主题范围参考 Cambridge B1 Preliminary 2025 公开词表；原表全文可检出此词形。中文义项与搭配由工作区整理，非真题原句；B1 是参考来源的级别，不是收录上限。	
地理、风景与天气	stream	n.	小溪	a mountain stream	山间小溪	https://www.cambridgeenglish.org/pl/Images/506887-b1-preliminary-vocabulary-list.pdf	主题范围参考 Cambridge B1 Preliminary 2025 公开词表；原表全文可检出此词形。中文义项与搭配由工作区整理，非真题原句；B1 是参考来源的级别，不是收录上限。	
地理、风景与天气	waterfall	n.	瀑布	visit a spectacular waterfall	游览壮观的瀑布	https://www.cambridgeenglish.org/pl/Images/506887-b1-preliminary-vocabulary-list.pdf	主题范围参考 Cambridge B1 Preliminary 2025 公开词表；原表全文可检出此词形。中文义项与搭配由工作区整理，非真题原句；B1 是参考来源的级别，不是收录上限。	
地理、风景与天气	scenery	n.	自然风景，不可数	enjoy the scenery	欣赏风景	https://www.cambridgeenglish.org/pl/Images/506887-b1-preliminary-vocabulary-list.pdf	主题范围参考 Cambridge B1 Preliminary 2025 公开词表；原表全文可检出此词形。中文义项与搭配由工作区整理，非真题原句；B1 是参考来源的级别，不是收录上限。	
地理、风景与天气	landscape	n.	某片地区的地貌或景观	a mountainous landscape	多山的地貌	https://www.cambridgeenglish.org/pl/Images/506887-b1-preliminary-vocabulary-list.pdf	主题范围参考 Cambridge B1 Preliminary 2025 公开词表；原表全文可检出此词形。中文义项与搭配由工作区整理，非真题原句；B1 是参考来源的级别，不是收录上限。	
地理、风景与天气	soil	n.	土壤	fertile soil	肥沃的土壤	https://www.cambridgeenglish.org/pl/Images/506887-b1-preliminary-vocabulary-list.pdf	主题范围参考 Cambridge B1 Preliminary 2025 公开词表；此项为相关扩展，不声称来自该表的逐词摘录。中文义项与搭配由工作区整理，非真题原句；B1 是参考来源的级别，不是收录上限。	
地理、风景与天气	rock	n.	岩石	a layer of rock	一层岩石	https://www.cambridgeenglish.org/pl/Images/506887-b1-preliminary-vocabulary-list.pdf	主题范围参考 Cambridge B1 Preliminary 2025 公开词表；原表全文可检出此词形。中文义项与搭配由工作区整理，非真题原句；B1 是参考来源的级别，不是收录上限。	
地理、风景与天气	forecast	n.	预报	check the weather forecast	查看天气预报	https://www.cambridgeenglish.org/pl/Images/506887-b1-preliminary-vocabulary-list.pdf	主题范围参考 Cambridge B1 Preliminary 2025 公开词表；原表全文可检出此词形。中文义项与搭配由工作区整理，非真题原句；B1 是参考来源的级别，不是收录上限。	
地理、风景与天气	breeze	n.	微风	a gentle sea breeze	轻柔的海风	https://www.cambridgeenglish.org/pl/Images/506887-b1-preliminary-vocabulary-list.pdf	主题范围参考 Cambridge B1 Preliminary 2025 公开词表；原表全文可检出此词形。中文义项与搭配由工作区整理，非真题原句；B1 是参考来源的级别，不是收录上限。	
地理、风景与天气	fog	n.	雾	thick fog	浓雾	https://www.cambridgeenglish.org/pl/Images/506887-b1-preliminary-vocabulary-list.pdf	主题范围参考 Cambridge B1 Preliminary 2025 公开词表；原表全文可检出此词形。中文义项与搭配由工作区整理，非真题原句；B1 是参考来源的级别，不是收录上限。	
地理、风景与天气	humid	adj.	空气潮湿的，强调水汽多	hot and humid weather	炎热潮湿的天气	https://www.cambridgeenglish.org/pl/Images/506887-b1-preliminary-vocabulary-list.pdf	主题范围参考 Cambridge B1 Preliminary 2025 公开词表；原表全文可检出此词形。中文义项与搭配由工作区整理，非真题原句；B1 是参考来源的级别，不是收录上限。	
地理、风景与天气	mild	adj.	天气温和、不太冷的	a mild winter	一个温暖的冬季	https://www.cambridgeenglish.org/pl/Images/506887-b1-preliminary-vocabulary-list.pdf	主题范围参考 Cambridge B1 Preliminary 2025 公开词表；原表全文可检出此词形。中文义项与搭配由工作区整理，非真题原句；B1 是参考来源的级别，不是收录上限。	
地理、风景与天气	freezing	adj.	极冷的；达到冰点或更低的	freezing temperatures	冰点或以下的温度	https://www.cambridgeenglish.org/pl/Images/506887-b1-preliminary-vocabulary-list.pdf	主题范围参考 Cambridge B1 Preliminary 2025 公开词表；原表全文可检出此词形。中文义项与搭配由工作区整理，非真题原句；B1 是参考来源的级别，不是收录上限。	
地理、风景与天气	thunderstorm	n.	雷暴；雷雨	a severe thunderstorm	一场强雷暴	https://www.cambridgeenglish.org/pl/Images/506887-b1-preliminary-vocabulary-list.pdf	主题范围参考 Cambridge B1 Preliminary 2025 公开词表；原表全文可检出此词形。中文义项与搭配由工作区整理，非真题原句；B1 是参考来源的级别，不是收录上限。	
地理、风景与天气	lightning	n.	闪电，不可数	a flash of lightning	一道闪电	https://www.cambridgeenglish.org/pl/Images/506887-b1-preliminary-vocabulary-list.pdf	主题范围参考 Cambridge B1 Preliminary 2025 公开词表；原表全文可检出此词形。中文义项与搭配由工作区整理，非真题原句；B1 是参考来源的级别，不是收录上限。	
地理、风景与天气	temperature	n.	温度	a sharp drop in temperature	温度骤降	https://www.cambridgeenglish.org/pl/Images/506887-b1-preliminary-vocabulary-list.pdf	主题范围参考 Cambridge B1 Preliminary 2025 公开词表；原表全文可检出此词形。中文义项与搭配由工作区整理，非真题原句；B1 是参考来源的级别，不是收录上限。	
运动、爱好与休闲	hobby	n.	业余爱好	take up a new hobby	开始一项新爱好	https://www.cambridgeenglish.org/pl/Images/506887-b1-preliminary-vocabulary-list.pdf	主题范围参考 Cambridge B1 Preliminary 2025 公开词表；原表全文可检出此词形。中文义项与搭配由工作区整理，非真题原句；B1 是参考来源的级别，不是收录上限。	
运动、爱好与休闲	leisure	n.	闲暇；休闲	leisure activities	休闲活动	https://www.cambridgeenglish.org/pl/Images/506887-b1-preliminary-vocabulary-list.pdf	主题范围参考 Cambridge B1 Preliminary 2025 公开词表；原表全文可检出此词形。中文义项与搭配由工作区整理，非真题原句；B1 是参考来源的级别，不是收录上限。	
运动、爱好与休闲	collect	v.	收集	collect old postcards	收集旧明信片	https://www.cambridgeenglish.org/pl/Images/506887-b1-preliminary-vocabulary-list.pdf	主题范围参考 Cambridge B1 Preliminary 2025 公开词表；原表全文可检出此词形。中文义项与搭配由工作区整理，非真题原句；B1 是参考来源的级别，不是收录上限。	
运动、爱好与休闲	gardening	n.	园艺活动	spend time gardening	花时间打理花草	https://www.cambridgeenglish.org/pl/Images/506887-b1-preliminary-vocabulary-list.pdf	主题范围参考 Cambridge B1 Preliminary 2025 公开词表；此项为相关扩展，不声称来自该表的逐词摘录。中文义项与搭配由工作区整理，非真题原句；B1 是参考来源的级别，不是收录上限。	
运动、爱好与休闲	photography	n.	摄影	an interest in photography	对摄影的兴趣	https://www.cambridgeenglish.org/pl/Images/506887-b1-preliminary-vocabulary-list.pdf	主题范围参考 Cambridge B1 Preliminary 2025 公开词表；原表全文可检出此词形。中文义项与搭配由工作区整理，非真题原句；B1 是参考来源的级别，不是收录上限。	
运动、爱好与休闲	pottery	n.	陶艺；陶器	take a pottery class	上陶艺课	https://www.cambridgeenglish.org/pl/Images/506887-b1-preliminary-vocabulary-list.pdf	主题范围参考 Cambridge B1 Preliminary 2025 公开词表；原表全文可检出此词形。中文义项与搭配由工作区整理，非真题原句；B1 是参考来源的级别，不是收录上限。	
运动、爱好与休闲	hike	n.	徒步旅行	go on a long hike	进行一次长途徒步	https://www.cambridgeenglish.org/pl/Images/506887-b1-preliminary-vocabulary-list.pdf	主题范围参考 Cambridge B1 Preliminary 2025 公开词表；原表全文可检出此词形。中文义项与搭配由工作区整理，非真题原句；B1 是参考来源的级别，不是收录上限。	
运动、爱好与休闲	camping	n.	露营	go camping at the weekend	周末去露营	https://www.cambridgeenglish.org/pl/Images/506887-b1-preliminary-vocabulary-list.pdf	主题范围参考 Cambridge B1 Preliminary 2025 公开词表；原表全文可检出此词形。中文义项与搭配由工作区整理，非真题原句；B1 是参考来源的级别，不是收录上限。	
运动、爱好与休闲	picnic	n.	野餐	have a picnic in the park	在公园野餐	https://www.cambridgeenglish.org/pl/Images/506887-b1-preliminary-vocabulary-list.pdf	主题范围参考 Cambridge B1 Preliminary 2025 公开词表；原表全文可检出此词形。中文义项与搭配由工作区整理，非真题原句；B1 是参考来源的级别，不是收录上限。	
运动、爱好与休闲	athlete	n.	运动员	a professional athlete	职业运动员	https://www.cambridgeenglish.org/pl/Images/506887-b1-preliminary-vocabulary-list.pdf	主题范围参考 Cambridge B1 Preliminary 2025 公开词表；原表全文可检出此词形。中文义项与搭配由工作区整理，非真题原句；B1 是参考来源的级别，不是收录上限。	
运动、爱好与休闲	coach	n.	教练	a swimming coach	游泳教练	https://www.cambridgeenglish.org/pl/Images/506887-b1-preliminary-vocabulary-list.pdf	主题范围参考 Cambridge B1 Preliminary 2025 公开词表；原表全文可检出此词形。中文义项与搭配由工作区整理，非真题原句；B1 是参考来源的级别，不是收录上限。	
运动、爱好与休闲	team	n.	队；团队	join a local team	加入当地的运动队	https://www.cambridgeenglish.org/pl/Images/506887-b1-preliminary-vocabulary-list.pdf	主题范围参考 Cambridge B1 Preliminary 2025 公开词表；原表全文可检出此词形。中文义项与搭配由工作区整理，非真题原句；B1 是参考来源的级别，不是收录上限。	
运动、爱好与休闲	match	n.	两方之间的比赛	win a football match	赢得一场足球赛	https://www.cambridgeenglish.org/pl/Images/506887-b1-preliminary-vocabulary-list.pdf	主题范围参考 Cambridge B1 Preliminary 2025 公开词表；原表全文可检出此词形。中文义项与搭配由工作区整理，非真题原句；B1 是参考来源的级别，不是收录上限。	
运动、爱好与休闲	tournament	n.	锦标赛；有多轮或多场的赛事	enter a tennis tournament	参加网球锦标赛	https://www.cambridgeenglish.org/pl/Images/506887-b1-preliminary-vocabulary-list.pdf	主题范围参考 Cambridge B1 Preliminary 2025 公开词表；原表全文可检出此词形。中文义项与搭配由工作区整理，非真题原句；B1 是参考来源的级别，不是收录上限。	
运动、爱好与休闲	compete	v.	参赛；竞争	compete against other teams	与其他队比赛	https://www.cambridgeenglish.org/pl/Images/506887-b1-preliminary-vocabulary-list.pdf	主题范围参考 Cambridge B1 Preliminary 2025 公开词表；原表全文可检出此词形。中文义项与搭配由工作区整理，非真题原句；B1 是参考来源的级别，不是收录上限。	
运动、爱好与休闲	score	v.	得分	score a goal	进一球	https://www.cambridgeenglish.org/pl/Images/506887-b1-preliminary-vocabulary-list.pdf	主题范围参考 Cambridge B1 Preliminary 2025 公开词表；原表全文可检出此词形。中文义项与搭配由工作区整理，非真题原句；B1 是参考来源的级别，不是收录上限。	
运动、爱好与休闲	opponent	n.	对手	a strong opponent	强劲的对手	https://www.cambridgeenglish.org/pl/Images/506887-b1-preliminary-vocabulary-list.pdf	主题范围参考 Cambridge B1 Preliminary 2025 公开词表；此项为相关扩展，不声称来自该表的逐词摘录。中文义项与搭配由工作区整理，非真题原句；B1 是参考来源的级别，不是收录上限。	
运动、爱好与休闲	practice	n.	练习；此处是名词	regular practice	经常练习	https://www.cambridgeenglish.org/pl/Images/506887-b1-preliminary-vocabulary-list.pdf	主题范围参考 Cambridge B1 Preliminary 2025 公开词表；原表全文可检出此词形。中文义项与搭配由工作区整理，非真题原句；B1 是参考来源的级别，不是收录上限。	
运动、爱好与休闲	practise	v.	练习，英式动词拼法	practise a new skill	练习一项新技能	https://www.cambridgeenglish.org/pl/Images/506887-b1-preliminary-vocabulary-list.pdf	主题范围参考 Cambridge B1 Preliminary 2025 公开词表；原表全文可检出此词形。中文义项与搭配由工作区整理，非真题原句；B1 是参考来源的级别，不是收录上限。	
运动、爱好与休闲	fitness	n.	身体健康及体能状况	improve your fitness	改善体能	https://www.cambridgeenglish.org/pl/Images/506887-b1-preliminary-vocabulary-list.pdf	主题范围参考 Cambridge B1 Preliminary 2025 公开词表；原表全文可检出此词形。中文义项与搭配由工作区整理，非真题原句；B1 是参考来源的级别，不是收录上限。	
运动、爱好与休闲	stamina	n.	长时间活动的耐力	build up stamina	增强耐力	https://www.cambridgeenglish.org/pl/Images/506887-b1-preliminary-vocabulary-list.pdf	主题范围参考 Cambridge B1 Preliminary 2025 公开词表；此项为相关扩展，不声称来自该表的逐词摘录。中文义项与搭配由工作区整理，非真题原句；B1 是参考来源的级别，不是收录上限。	
运动、爱好与休闲	warm up	phr. v.	运动前热身	warm up before running	跑步前热身	https://www.cambridgeenglish.org/pl/Images/506887-b1-preliminary-vocabulary-list.pdf	主题范围参考 Cambridge B1 Preliminary 2025 公开词表；此项为相关扩展，不声称来自该表的逐词摘录。中文义项与搭配由工作区整理，非真题原句；B1 是参考来源的级别，不是收录上限。	
运动、爱好与休闲	stretch	v.	伸展身体或肌肉	stretch your legs	伸展双腿	https://www.cambridgeenglish.org/pl/Images/506887-b1-preliminary-vocabulary-list.pdf	主题范围参考 Cambridge B1 Preliminary 2025 公开词表；此项为相关扩展，不声称来自该表的逐词摘录。中文义项与搭配由工作区整理，非真题原句；B1 是参考来源的级别，不是收录上限。	
运动、爱好与休闲	injury	n.	身体损伤	recover from an injury	从受伤中恢复	https://www.cambridgeenglish.org/pl/Images/506887-b1-preliminary-vocabulary-list.pdf	主题范围参考 Cambridge B1 Preliminary 2025 公开词表；此项为相关扩展，不声称来自该表的逐词摘录。中文义项与搭配由工作区整理，非真题原句；B1 是参考来源的级别，不是收录上限。	
运动、爱好与休闲	equipment	n.	设备；器材，不可数	sports equipment	体育器材	https://www.cambridgeenglish.org/pl/Images/506887-b1-preliminary-vocabulary-list.pdf	主题范围参考 Cambridge B1 Preliminary 2025 公开词表；原表全文可检出此词形。中文义项与搭配由工作区整理，非真题原句；B1 是参考来源的级别，不是收录上限。	
性格、感受与人际态度	confident	adj.	自信的；有信心的	feel confident about your work	对自己的工作有信心	https://www.cambridgeenglish.org/pl/Images/506887-b1-preliminary-vocabulary-list.pdf	主题范围参考 Cambridge B1 Preliminary 2025 公开词表；原表全文可检出此词形。中文义项与搭配由工作区整理，非真题原句；B1 是参考来源的级别，不是收录上限。	
性格、感受与人际态度	shy	adj.	害羞的；腼腆的	shy around strangers	在陌生人面前害羞	https://www.cambridgeenglish.org/pl/Images/506887-b1-preliminary-vocabulary-list.pdf	主题范围参考 Cambridge B1 Preliminary 2025 公开词表；原表全文可检出此词形。中文义项与搭配由工作区整理，非真题原句；B1 是参考来源的级别，不是收录上限。	
性格、感受与人际态度	patient	adj.	有耐心的	be patient with beginners	对初学者耐心	https://www.cambridgeenglish.org/pl/Images/506887-b1-preliminary-vocabulary-list.pdf	主题范围参考 Cambridge B1 Preliminary 2025 公开词表；原表全文可检出此词形。中文义项与搭配由工作区整理，非真题原句；B1 是参考来源的级别，不是收录上限。	
性格、感受与人际态度	reliable	adj.	可靠的；可信赖的	a reliable friend	靠得住的朋友	https://www.cambridgeenglish.org/pl/Images/506887-b1-preliminary-vocabulary-list.pdf	主题范围参考 Cambridge B1 Preliminary 2025 公开词表；原表全文可检出此词形。中文义项与搭配由工作区整理，非真题原句；B1 是参考来源的级别，不是收录上限。	
性格、感受与人际态度	generous	adj.	慷慨的	generous with your time	愿意花时间帮助别人	https://www.cambridgeenglish.org/pl/Images/506887-b1-preliminary-vocabulary-list.pdf	主题范围参考 Cambridge B1 Preliminary 2025 公开词表；原表全文可检出此词形。中文义项与搭配由工作区整理，非真题原句；B1 是参考来源的级别，不是收录上限。	
性格、感受与人际态度	curious	adj.	好奇的	curious about how things work	好奇事物如何运作	https://www.cambridgeenglish.org/pl/Images/506887-b1-preliminary-vocabulary-list.pdf	主题范围参考 Cambridge B1 Preliminary 2025 公开词表；原表全文可检出此词形。中文义项与搭配由工作区整理，非真题原句；B1 是参考来源的级别，不是收录上限。	
性格、感受与人际态度	ambitious	adj.	有抱负的；有雄心的	an ambitious young scientist	有抱负的年轻科学家	https://www.cambridgeenglish.org/pl/Images/506887-b1-preliminary-vocabulary-list.pdf	主题范围参考 Cambridge B1 Preliminary 2025 公开词表；此项为相关扩展，不声称来自该表的逐词摘录。中文义项与搭配由工作区整理，非真题原句；B1 是参考来源的级别，不是收录上限。	
性格、感受与人际态度	stubborn	adj.	固执的	too stubborn to admit a mistake	固执得不肯认错	https://www.cambridgeenglish.org/pl/Images/506887-b1-preliminary-vocabulary-list.pdf	主题范围参考 Cambridge B1 Preliminary 2025 公开词表；此项为相关扩展，不声称来自该表的逐词摘录。中文义项与搭配由工作区整理，非真题原句；B1 是参考来源的级别，不是收录上限。	
性格、感受与人际态度	calm	adj.	镇定的	stay calm under pressure	有压力时保持镇定	https://www.cambridgeenglish.org/pl/Images/506887-b1-preliminary-vocabulary-list.pdf	主题范围参考 Cambridge B1 Preliminary 2025 公开词表；原表全文可检出此词形。中文义项与搭配由工作区整理，非真题原句；B1 是参考来源的级别，不是收录上限。	
性格、感受与人际态度	anxious	adj.	焦虑的；担忧的	anxious about the results	为结果担忧	https://www.cambridgeenglish.org/pl/Images/506887-b1-preliminary-vocabulary-list.pdf	主题范围参考 Cambridge B1 Preliminary 2025 公开词表；原表全文可检出此词形。中文义项与搭配由工作区整理，非真题原句；B1 是参考来源的级别，不是收录上限。	
性格、感受与人际态度	nervous	adj.	紧张不安的	nervous before an interview	面试前紧张	https://www.cambridgeenglish.org/pl/Images/506887-b1-preliminary-vocabulary-list.pdf	主题范围参考 Cambridge B1 Preliminary 2025 公开词表；原表全文可检出此词形。中文义项与搭配由工作区整理，非真题原句；B1 是参考来源的级别，不是收录上限。	
性格、感受与人际态度	relieved	adj.	感到宽慰的	relieved to hear the good news	听到好消息而松了口气	https://www.cambridgeenglish.org/pl/Images/506887-b1-preliminary-vocabulary-list.pdf	主题范围参考 Cambridge B1 Preliminary 2025 公开词表；原表全文可检出此词形。中文义项与搭配由工作区整理，非真题原句；B1 是参考来源的级别，不是收录上限。	
性格、感受与人际态度	disappointed	adj.	失望的	disappointed with the result	对结果失望	https://www.cambridgeenglish.org/pl/Images/506887-b1-preliminary-vocabulary-list.pdf	主题范围参考 Cambridge B1 Preliminary 2025 公开词表；原表全文可检出此词形。中文义项与搭配由工作区整理，非真题原句；B1 是参考来源的级别，不是收录上限。	
性格、感受与人际态度	frustrated	adj.	因受阻而烦恼沮丧的	frustrated by the delay	因延误而烦恼	https://www.cambridgeenglish.org/pl/Images/506887-b1-preliminary-vocabulary-list.pdf	主题范围参考 Cambridge B1 Preliminary 2025 公开词表；此项为相关扩展，不声称来自该表的逐词摘录。中文义项与搭配由工作区整理，非真题原句；B1 是参考来源的级别，不是收录上限。	
性格、感受与人际态度	embarrassed	adj.	尴尬的；难为情的	embarrassed about making a mistake	因犯错感到尴尬	https://www.cambridgeenglish.org/pl/Images/506887-b1-preliminary-vocabulary-list.pdf	主题范围参考 Cambridge B1 Preliminary 2025 公开词表；原表全文可检出此词形。中文义项与搭配由工作区整理，非真题原句；B1 是参考来源的级别，不是收录上限。	
性格、感受与人际态度	ashamed	adj.	因自身行为感到羞愧的	ashamed of what I said	为我说过的话羞愧	https://www.cambridgeenglish.org/pl/Images/506887-b1-preliminary-vocabulary-list.pdf	主题范围参考 Cambridge B1 Preliminary 2025 公开词表；原表全文可检出此词形。中文义项与搭配由工作区整理，非真题原句；B1 是参考来源的级别，不是收录上限。	
性格、感受与人际态度	proud	adj.	自豪的	proud of your achievements	为自己的成就自豪	https://www.cambridgeenglish.org/pl/Images/506887-b1-preliminary-vocabulary-list.pdf	主题范围参考 Cambridge B1 Preliminary 2025 公开词表；原表全文可检出此词形。中文义项与搭配由工作区整理，非真题原句；B1 是参考来源的级别，不是收录上限。	
性格、感受与人际态度	grateful	adj.	感激的	grateful for your help	感谢你的帮助	https://www.cambridgeenglish.org/pl/Images/506887-b1-preliminary-vocabulary-list.pdf	主题范围参考 Cambridge B1 Preliminary 2025 公开词表；原表全文可检出此词形。中文义项与搭配由工作区整理，非真题原句；B1 是参考来源的级别，不是收录上限。	
性格、感受与人际态度	jealous	adj.	妒忌的	jealous of someone else's success	嫉妒别人的成功	https://www.cambridgeenglish.org/pl/Images/506887-b1-preliminary-vocabulary-list.pdf	主题范围参考 Cambridge B1 Preliminary 2025 公开词表；原表全文可检出此词形。中文义项与搭配由工作区整理，非真题原句；B1 是参考来源的级别，不是收录上限。	
性格、感受与人际态度	lonely	adj.	感到孤独的	feel lonely in a new city	在陌生城市感到孤独	https://www.cambridgeenglish.org/pl/Images/506887-b1-preliminary-vocabulary-list.pdf	主题范围参考 Cambridge B1 Preliminary 2025 公开词表；原表全文可检出此词形。中文义项与搭配由工作区整理，非真题原句；B1 是参考来源的级别，不是收录上限。	
性格、感受与人际态度	bored	adj.	感到无聊的	bored with the same routine	厌倦一成不变的生活	https://www.cambridgeenglish.org/pl/Images/506887-b1-preliminary-vocabulary-list.pdf	主题范围参考 Cambridge B1 Preliminary 2025 公开词表；原表全文可检出此词形。中文义项与搭配由工作区整理，非真题原句；B1 是参考来源的级别，不是收录上限。	
性格、感受与人际态度	boring	adj.	使人觉得无聊的	a boring lecture	一堂无聊的讲座	https://www.cambridgeenglish.org/pl/Images/506887-b1-preliminary-vocabulary-list.pdf	主题范围参考 Cambridge B1 Preliminary 2025 公开词表；原表全文可检出此词形。中文义项与搭配由工作区整理，非真题原句；B1 是参考来源的级别，不是收录上限。	
性格、感受与人际态度	interested	adj.	感兴趣的	interested in local history	对当地历史感兴趣	https://www.cambridgeenglish.org/pl/Images/506887-b1-preliminary-vocabulary-list.pdf	主题范围参考 Cambridge B1 Preliminary 2025 公开词表；原表全文可检出此词形。中文义项与搭配由工作区整理，非真题原句；B1 是参考来源的级别，不是收录上限。	
性格、感受与人际态度	interesting	adj.	引起兴趣的；有趣的	an interesting conversation	一次有趣的谈话	https://www.cambridgeenglish.org/pl/Images/506887-b1-preliminary-vocabulary-list.pdf	主题范围参考 Cambridge B1 Preliminary 2025 公开词表；原表全文可检出此词形。中文义项与搭配由工作区整理，非真题原句；B1 是参考来源的级别，不是收录上限。	
性格、感受与人际态度	overwhelmed	adj.	因事情或感受太多而难以应付的	feel overwhelmed by work	被工作压得喘不过气	https://www.cambridgeenglish.org/pl/Images/506887-b1-preliminary-vocabulary-list.pdf	主题范围参考 Cambridge B1 Preliminary 2025 公开词表；此项为相关扩展，不声称来自该表的逐词摘录。中文义项与搭配由工作区整理，非真题原句；B1 是参考来源的级别，不是收录上限。	
语言、交流与理解	language	n.	语言	learn a foreign language	学习一门外语	https://www.cambridgeenglish.org/pl/Images/506887-b1-preliminary-vocabulary-list.pdf	主题范围参考 Cambridge B1 Preliminary 2025 公开词表；原表全文可检出此词形。中文义项与搭配由工作区整理，非真题原句；B1 是参考来源的级别，不是收录上限。	
语言、交流与理解	vocabulary	n.	词汇；词汇量	expand your vocabulary	扩大词汇量	https://www.cambridgeenglish.org/pl/Images/506887-b1-preliminary-vocabulary-list.pdf	主题范围参考 Cambridge B1 Preliminary 2025 公开词表；原表全文可检出此词形。中文义项与搭配由工作区整理，非真题原句；B1 是参考来源的级别，不是收录上限。	
语言、交流与理解	grammar	n.	语法	a basic grammar rule	一条基本语法规则	https://www.cambridgeenglish.org/pl/Images/506887-b1-preliminary-vocabulary-list.pdf	主题范围参考 Cambridge B1 Preliminary 2025 公开词表；原表全文可检出此词形。中文义项与搭配由工作区整理，非真题原句；B1 是参考来源的级别，不是收录上限。	
语言、交流与理解	pronunciation	n.	发音方式	check the pronunciation of a word	查一个词的发音	https://www.cambridgeenglish.org/pl/Images/506887-b1-preliminary-vocabulary-list.pdf	主题范围参考 Cambridge B1 Preliminary 2025 公开词表；原表全文可检出此词形。中文义项与搭配由工作区整理，非真题原句；B1 是参考来源的级别，不是收录上限。	
语言、交流与理解	accent	n.	口音	speak with a regional accent	说话带地方口音	https://www.cambridgeenglish.org/pl/Images/506887-b1-preliminary-vocabulary-list.pdf	主题范围参考 Cambridge B1 Preliminary 2025 公开词表；原表全文可检出此词形。中文义项与搭配由工作区整理，非真题原句；B1 是参考来源的级别，不是收录上限。	
语言、交流与理解	fluent	adj.	流利的	fluent in English	英语流利	https://www.cambridgeenglish.org/pl/Images/506887-b1-preliminary-vocabulary-list.pdf	主题范围参考 Cambridge B1 Preliminary 2025 公开词表；此项为相关扩展，不声称来自该表的逐词摘录。中文义项与搭配由工作区整理，非真题原句；B1 是参考来源的级别，不是收录上限。	
语言、交流与理解	accurate	adj.	准确的	an accurate translation	准确的翻译	https://www.cambridgeenglish.org/pl/Images/506887-b1-preliminary-vocabulary-list.pdf	主题范围参考 Cambridge B1 Preliminary 2025 公开词表；原表全文可检出此词形。中文义项与搭配由工作区整理，非真题原句；B1 是参考来源的级别，不是收录上限。	
语言、交流与理解	meaning	n.	意思；含义	the meaning of a phrase	一个短语的含义	https://www.cambridgeenglish.org/pl/Images/506887-b1-preliminary-vocabulary-list.pdf	主题范围参考 Cambridge B1 Preliminary 2025 公开词表；原表全文可检出此词形。中文义项与搭配由工作区整理，非真题原句；B1 是参考来源的级别，不是收录上限。	
语言、交流与理解	context	n.	语境；背景	understand a word in context	结合语境理解词义	https://www.cambridgeenglish.org/pl/Images/506887-b1-preliminary-vocabulary-list.pdf	主题范围参考 Cambridge B1 Preliminary 2025 公开词表；此项为相关扩展，不声称来自该表的逐词摘录。中文义项与搭配由工作区整理，非真题原句；B1 是参考来源的级别，不是收录上限。	
语言、交流与理解	phrase	n.	短语；词组	a common everyday phrase	一个常见日常短语	https://www.cambridgeenglish.org/pl/Images/506887-b1-preliminary-vocabulary-list.pdf	主题范围参考 Cambridge B1 Preliminary 2025 公开词表；原表全文可检出此词形。中文义项与搭配由工作区整理，非真题原句；B1 是参考来源的级别，不是收录上限。	
语言、交流与理解	sentence	n.	句子	write a complete sentence	写一个完整句子	https://www.cambridgeenglish.org/pl/Images/506887-b1-preliminary-vocabulary-list.pdf	主题范围参考 Cambridge B1 Preliminary 2025 公开词表；原表全文可检出此词形。中文义项与搭配由工作区整理，非真题原句；B1 是参考来源的级别，不是收录上限。	
语言、交流与理解	explain	v.	解释	explain the problem to someone	向某人解释问题	https://www.cambridgeenglish.org/pl/Images/506887-b1-preliminary-vocabulary-list.pdf	主题范围参考 Cambridge B1 Preliminary 2025 公开词表；原表全文可检出此词形。中文义项与搭配由工作区整理，非真题原句；B1 是参考来源的级别，不是收录上限。	
语言、交流与理解	describe	v.	描述	describe what happened	描述发生的事情	https://www.cambridgeenglish.org/pl/Images/506887-b1-preliminary-vocabulary-list.pdf	主题范围参考 Cambridge B1 Preliminary 2025 公开词表；原表全文可检出此词形。中文义项与搭配由工作区整理，非真题原句；B1 是参考来源的级别，不是收录上限。	
语言、交流与理解	clarify	v.	澄清；说明得更清楚	clarify what you mean	讲清楚你的意思	https://www.cambridgeenglish.org/pl/Images/506887-b1-preliminary-vocabulary-list.pdf	主题范围参考 Cambridge B1 Preliminary 2025 公开词表；此项为相关扩展，不声称来自该表的逐词摘录。中文义项与搭配由工作区整理，非真题原句；B1 是参考来源的级别，不是收录上限。	
语言、交流与理解	mention	v.	提到	mention a possible problem	提及一个可能的问题	https://www.cambridgeenglish.org/pl/Images/506887-b1-preliminary-vocabulary-list.pdf	主题范围参考 Cambridge B1 Preliminary 2025 公开词表；原表全文可检出此词形。中文义项与搭配由工作区整理，非真题原句；B1 是参考来源的级别，不是收录上限。	
语言、交流与理解	discuss	v.	讨论，直接接对象	discuss the issue with colleagues	与同事讨论这个问题	https://www.cambridgeenglish.org/pl/Images/506887-b1-preliminary-vocabulary-list.pdf	主题范围参考 Cambridge B1 Preliminary 2025 公开词表；原表全文可检出此词形。中文义项与搭配由工作区整理，非真题原句；B1 是参考来源的级别，不是收录上限。	
语言、交流与理解	argue	v.	争论；也可指提出论证	argue about money	为钱争吵	https://www.cambridgeenglish.org/pl/Images/506887-b1-preliminary-vocabulary-list.pdf	主题范围参考 Cambridge B1 Preliminary 2025 公开词表；原表全文可检出此词形。中文义项与搭配由工作区整理，非真题原句；B1 是参考来源的级别，不是收录上限。	
语言、交流与理解	persuade	v.	说服	persuade someone to join us	说服某人加入我们	https://www.cambridgeenglish.org/pl/Images/506887-b1-preliminary-vocabulary-list.pdf	主题范围参考 Cambridge B1 Preliminary 2025 公开词表；原表全文可检出此词形。中文义项与搭配由工作区整理，非真题原句；B1 是参考来源的级别，不是收录上限。	
语言、交流与理解	suggest	v.	建议；提出	suggest taking a break	建议休息一下	https://www.cambridgeenglish.org/pl/Images/506887-b1-preliminary-vocabulary-list.pdf	主题范围参考 Cambridge B1 Preliminary 2025 公开词表；原表全文可检出此词形。中文义项与搭配由工作区整理，非真题原句；B1 是参考来源的级别，不是收录上限。	
语言、交流与理解	request	n.	请求	make a polite request	礼貌地提出请求	https://www.cambridgeenglish.org/pl/Images/506887-b1-preliminary-vocabulary-list.pdf	主题范围参考 Cambridge B1 Preliminary 2025 公开词表；原表全文可检出此词形。中文义项与搭配由工作区整理，非真题原句；B1 是参考来源的级别，不是收录上限。	
语言、交流与理解	interrupt	v.	打断	interrupt someone mid-sentence	在别人话说一半时打断	https://www.cambridgeenglish.org/pl/Images/506887-b1-preliminary-vocabulary-list.pdf	主题范围参考 Cambridge B1 Preliminary 2025 公开词表；原表全文可检出此词形。中文义项与搭配由工作区整理，非真题原句；B1 是参考来源的级别，不是收录上限。	
语言、交流与理解	whisper	v.	低声说；耳语	whisper in someone's ear	在某人耳边低语	https://www.cambridgeenglish.org/pl/Images/506887-b1-preliminary-vocabulary-list.pdf	主题范围参考 Cambridge B1 Preliminary 2025 公开词表；此项为相关扩展，不声称来自该表的逐词摘录。中文义项与搭配由工作区整理，非真题原句；B1 是参考来源的级别，不是收录上限。	
语言、交流与理解	misunderstand	v.	误解	misunderstand the instructions	误解指令	https://www.cambridgeenglish.org/pl/Images/506887-b1-preliminary-vocabulary-list.pdf	主题范围参考 Cambridge B1 Preliminary 2025 公开词表；此项为相关扩展，不声称来自该表的逐词摘录。中文义项与搭配由工作区整理，非真题原句；B1 是参考来源的级别，不是收录上限。	
语言、交流与理解	translate	v.	翻译	translate a letter into English	把一封信译成英语	https://www.cambridgeenglish.org/pl/Images/506887-b1-preliminary-vocabulary-list.pdf	主题范围参考 Cambridge B1 Preliminary 2025 公开词表；原表全文可检出此词形。中文义项与搭配由工作区整理，非真题原句；B1 是参考来源的级别，不是收录上限。	
语言、交流与理解	interpret	v.	口译；也指理解、解释	interpret for a visitor	为来访者做口译	https://www.cambridgeenglish.org/pl/Images/506887-b1-preliminary-vocabulary-list.pdf	主题范围参考 Cambridge B1 Preliminary 2025 公开词表；此项为相关扩展，不声称来自该表的逐词摘录。中文义项与搭配由工作区整理，非真题原句；B1 是参考来源的级别，不是收录上限。	
时间、安排与日常行动	routine	n.	日常固定活动；惯例	a daily routine	日常作息	https://www.cambridgeenglish.org/pl/Images/506887-b1-preliminary-vocabulary-list.pdf	主题范围参考 Cambridge B1 Preliminary 2025 公开词表；原表全文可检出此词形。中文义项与搭配由工作区整理，非真题原句；B1 是参考来源的级别，不是收录上限。	
时间、安排与日常行动	schedule	n.	时间表；日程	a busy schedule	繁忙的日程	https://www.cambridgeenglish.org/pl/Images/506887-b1-preliminary-vocabulary-list.pdf	主题范围参考 Cambridge B1 Preliminary 2025 公开词表；此项为相关扩展，不声称来自该表的逐词摘录。中文义项与搭配由工作区整理，非真题原句；B1 是参考来源的级别，不是收录上限。	
时间、安排与日常行动	appointment	n.	预约；约定的会面	make an appointment	预约	https://www.cambridgeenglish.org/pl/Images/506887-b1-preliminary-vocabulary-list.pdf	主题范围参考 Cambridge B1 Preliminary 2025 公开词表；原表全文可检出此词形。中文义项与搭配由工作区整理，非真题原句；B1 是参考来源的级别，不是收录上限。	
时间、安排与日常行动	deadline	n.	截止时间	meet a deadline	按期完成	https://www.cambridgeenglish.org/pl/Images/506887-b1-preliminary-vocabulary-list.pdf	主题范围参考 Cambridge B1 Preliminary 2025 公开词表；此项为相关扩展，不声称来自该表的逐词摘录。中文义项与搭配由工作区整理，非真题原句；B1 是参考来源的级别，不是收录上限。	
时间、安排与日常行动	duration	n.	持续时间	the duration of the journey	行程的时长	https://www.cambridgeenglish.org/pl/Images/506887-b1-preliminary-vocabulary-list.pdf	主题范围参考 Cambridge B1 Preliminary 2025 公开词表；此项为相关扩展，不声称来自该表的逐词摘录。中文义项与搭配由工作区整理，非真题原句；B1 是参考来源的级别，不是收录上限。	
时间、安排与日常行动	interval	n.	两件事之间的间隔	at regular intervals	每隔固定时间	https://www.cambridgeenglish.org/pl/Images/506887-b1-preliminary-vocabulary-list.pdf	主题范围参考 Cambridge B1 Preliminary 2025 公开词表；原表全文可检出此词形。中文义项与搭配由工作区整理，非真题原句；B1 是参考来源的级别，不是收录上限。	
时间、安排与日常行动	occasion	n.	某次事件或场合	on special occasions	在特殊场合	https://www.cambridgeenglish.org/pl/Images/506887-b1-preliminary-vocabulary-list.pdf	主题范围参考 Cambridge B1 Preliminary 2025 公开词表；原表全文可检出此词形。中文义项与搭配由工作区整理，非真题原句；B1 是参考来源的级别，不是收录上限。	
时间、安排与日常行动	opportunity	n.	机会	an opportunity to learn	学习的机会	https://www.cambridgeenglish.org/pl/Images/506887-b1-preliminary-vocabulary-list.pdf	主题范围参考 Cambridge B1 Preliminary 2025 公开词表；原表全文可检出此词形。中文义项与搭配由工作区整理，非真题原句；B1 是参考来源的级别，不是收录上限。	
时间、安排与日常行动	delay	n.	延误；推迟	a short delay	短暂延误	https://www.cambridgeenglish.org/pl/Images/506887-b1-preliminary-vocabulary-list.pdf	主题范围参考 Cambridge B1 Preliminary 2025 公开词表；原表全文可检出此词形。中文义项与搭配由工作区整理，非真题原句；B1 是参考来源的级别，不是收录上限。	
时间、安排与日常行动	postpone	v.	推迟到以后	postpone the meeting until Friday	把会议推迟到周五	https://www.cambridgeenglish.org/pl/Images/506887-b1-preliminary-vocabulary-list.pdf	主题范围参考 Cambridge B1 Preliminary 2025 公开词表；原表全文可检出此词形。中文义项与搭配由工作区整理，非真题原句；B1 是参考来源的级别，不是收录上限。	
时间、安排与日常行动	cancel	v.	取消	cancel an appointment	取消预约	https://www.cambridgeenglish.org/pl/Images/506887-b1-preliminary-vocabulary-list.pdf	主题范围参考 Cambridge B1 Preliminary 2025 公开词表；原表全文可检出此词形。中文义项与搭配由工作区整理，非真题原句；B1 是参考来源的级别，不是收录上限。	
时间、安排与日常行动	arrange	v.	安排	arrange a time to meet	安排见面时间	https://www.cambridgeenglish.org/pl/Images/506887-b1-preliminary-vocabulary-list.pdf	主题范围参考 Cambridge B1 Preliminary 2025 公开词表；原表全文可检出此词形。中文义项与搭配由工作区整理，非真题原句；B1 是参考来源的级别，不是收录上限。	
时间、安排与日常行动	prioritise	v.	按轻重缓急安排；优先处理	prioritise urgent tasks	优先处理紧急任务	https://www.cambridgeenglish.org/pl/Images/506887-b1-preliminary-vocabulary-list.pdf	主题范围参考 Cambridge B1 Preliminary 2025 公开词表；此项为相关扩展，不声称来自该表的逐词摘录。中文义项与搭配由工作区整理，非真题原句；B1 是参考来源的级别，不是收录上限。	
时间、安排与日常行动	prepare	v.	准备	prepare for the next day	为第二天做准备	https://www.cambridgeenglish.org/pl/Images/506887-b1-preliminary-vocabulary-list.pdf	主题范围参考 Cambridge B1 Preliminary 2025 公开词表；原表全文可检出此词形。中文义项与搭配由工作区整理，非真题原句；B1 是参考来源的级别，不是收录上限。	
时间、安排与日常行动	complete	v.	完成	complete a task	完成一项任务	https://www.cambridgeenglish.org/pl/Images/506887-b1-preliminary-vocabulary-list.pdf	主题范围参考 Cambridge B1 Preliminary 2025 公开词表；原表全文可检出此词形。中文义项与搭配由工作区整理，非真题原句；B1 是参考来源的级别，不是收录上限。	
时间、安排与日常行动	daily	adj.	每天的；日常的	daily activities	日常活动	https://www.cambridgeenglish.org/pl/Images/506887-b1-preliminary-vocabulary-list.pdf	主题范围参考 Cambridge B1 Preliminary 2025 公开词表；原表全文可检出此词形。中文义项与搭配由工作区整理，非真题原句；B1 是参考来源的级别，不是收录上限。	
时间、安排与日常行动	weekly	adj.	每周的	a weekly meeting	每周一次的会议	https://www.cambridgeenglish.org/pl/Images/506887-b1-preliminary-vocabulary-list.pdf	主题范围参考 Cambridge B1 Preliminary 2025 公开词表；原表全文可检出此词形。中文义项与搭配由工作区整理，非真题原句；B1 是参考来源的级别，不是收录上限。	
时间、安排与日常行动	regularly	adv.	定期地；经常	exercise regularly	经常锻炼	https://www.cambridgeenglish.org/pl/Images/506887-b1-preliminary-vocabulary-list.pdf	主题范围参考 Cambridge B1 Preliminary 2025 公开词表；原表全文可检出此词形。中文义项与搭配由工作区整理，非真题原句；B1 是参考来源的级别，不是收录上限。	
时间、安排与日常行动	occasionally	adv.	偶尔	occasionally work late	偶尔工作到很晚	https://www.cambridgeenglish.org/pl/Images/506887-b1-preliminary-vocabulary-list.pdf	主题范围参考 Cambridge B1 Preliminary 2025 公开词表；原表全文可检出此词形。中文义项与搭配由工作区整理，非真题原句；B1 是参考来源的级别，不是收录上限。	
时间、安排与日常行动	rarely	adv.	很少	rarely miss a class	很少缺课	https://www.cambridgeenglish.org/pl/Images/506887-b1-preliminary-vocabulary-list.pdf	主题范围参考 Cambridge B1 Preliminary 2025 公开词表；原表全文可检出此词形。中文义项与搭配由工作区整理，非真题原句；B1 是参考来源的级别，不是收录上限。	
时间、安排与日常行动	punctual	adj.	准时的	be punctual for appointments	约见时准时到达	https://www.cambridgeenglish.org/pl/Images/506887-b1-preliminary-vocabulary-list.pdf	主题范围参考 Cambridge B1 Preliminary 2025 公开词表；此项为相关扩展，不声称来自该表的逐词摘录。中文义项与搭配由工作区整理，非真题原句；B1 是参考来源的级别，不是收录上限。	
时间、安排与日常行动	temporary	adj.	临时的；暂时的	a temporary arrangement	临时安排	https://www.cambridgeenglish.org/pl/Images/506887-b1-preliminary-vocabulary-list.pdf	主题范围参考 Cambridge B1 Preliminary 2025 公开词表；原表全文可检出此词形。中文义项与搭配由工作区整理，非真题原句；B1 是参考来源的级别，不是收录上限。	
时间、安排与日常行动	permanent	adj.	长期不变的；永久的	a permanent change	永久性的改变	https://www.cambridgeenglish.org/pl/Images/506887-b1-preliminary-vocabulary-list.pdf	主题范围参考 Cambridge B1 Preliminary 2025 公开词表；原表全文可检出此词形。中文义项与搭配由工作区整理，非真题原句；B1 是参考来源的级别，不是收录上限。	
时间、安排与日常行动	immediately	adv.	立即	reply immediately	立即回复	https://www.cambridgeenglish.org/pl/Images/506887-b1-preliminary-vocabulary-list.pdf	主题范围参考 Cambridge B1 Preliminary 2025 公开词表；原表全文可检出此词形。中文义项与搭配由工作区整理，非真题原句；B1 是参考来源的级别，不是收录上限。	
时间、安排与日常行动	eventually	adv.	最终；经历一段时间之后	eventually find a solution	最终找到解决办法	https://www.cambridgeenglish.org/pl/Images/506887-b1-preliminary-vocabulary-list.pdf	主题范围参考 Cambridge B1 Preliminary 2025 公开词表；此项为相关扩展，不声称来自该表的逐词摘录。中文义项与搭配由工作区整理，非真题原句；B1 是参考来源的级别，不是收录上限。	
日常物品、工具与操作	device	n.	装置；设备	a useful electronic device	一件实用的电子设备	https://www.cambridgeenglish.org/pl/Images/506887-b1-preliminary-vocabulary-list.pdf	主题范围参考 Cambridge B1 Preliminary 2025 公开词表；此项为相关扩展，不声称来自该表的逐词摘录。中文义项与搭配由工作区整理，非真题原句；B1 是参考来源的级别，不是收录上限。	
日常物品、工具与操作	appliance	n.	家用电器	household appliances	家用电器	https://www.cambridgeenglish.org/pl/Images/506887-b1-preliminary-vocabulary-list.pdf	主题范围参考 Cambridge B1 Preliminary 2025 公开词表；此项为相关扩展，不声称来自该表的逐词摘录。中文义项与搭配由工作区整理，非真题原句；B1 是参考来源的级别，不是收录上限。	
日常物品、工具与操作	plug	n.	插头	pull out the plug	拔出插头	https://www.cambridgeenglish.org/pl/Images/506887-b1-preliminary-vocabulary-list.pdf	主题范围参考 Cambridge B1 Preliminary 2025 公开词表；原表全文可检出此词形。中文义项与搭配由工作区整理，非真题原句；B1 是参考来源的级别，不是收录上限。	
日常物品、工具与操作	socket	n.	插座	a wall socket	墙上的插座	https://www.cambridgeenglish.org/pl/Images/506887-b1-preliminary-vocabulary-list.pdf	主题范围参考 Cambridge B1 Preliminary 2025 公开词表；此项为相关扩展，不声称来自该表的逐词摘录。中文义项与搭配由工作区整理，非真题原句；B1 是参考来源的级别，不是收录上限。	
日常物品、工具与操作	cable	n.	电缆；连接线	a charging cable	充电线	https://www.cambridgeenglish.org/pl/Images/506887-b1-preliminary-vocabulary-list.pdf	主题范围参考 Cambridge B1 Preliminary 2025 公开词表；原表全文可检出此词形。中文义项与搭配由工作区整理，非真题原句；B1 是参考来源的级别，不是收录上限。	
日常物品、工具与操作	battery	n.	电池	replace the battery	更换电池	https://www.cambridgeenglish.org/pl/Images/506887-b1-preliminary-vocabulary-list.pdf	主题范围参考 Cambridge B1 Preliminary 2025 公开词表；原表全文可检出此词形。中文义项与搭配由工作区整理，非真题原句；B1 是参考来源的级别，不是收录上限。	
日常物品、工具与操作	switch	n.	开关	turn off the light switch	关掉电灯开关	https://www.cambridgeenglish.org/pl/Images/506887-b1-preliminary-vocabulary-list.pdf	主题范围参考 Cambridge B1 Preliminary 2025 公开词表；原表全文可检出此词形。中文义项与搭配由工作区整理，非真题原句；B1 是参考来源的级别，不是收录上限。	
日常物品、工具与操作	bulb	n.	灯泡；另有植物球茎义	change a light bulb	换灯泡	https://www.cambridgeenglish.org/pl/Images/506887-b1-preliminary-vocabulary-list.pdf	主题范围参考 Cambridge B1 Preliminary 2025 公开词表；原表全文可检出此词形。中文义项与搭配由工作区整理，非真题原句；B1 是参考来源的级别，不是收录上限。	
日常物品、工具与操作	handle	n.	把手	turn the door handle	转动门把手	https://www.cambridgeenglish.org/pl/Images/506887-b1-preliminary-vocabulary-list.pdf	主题范围参考 Cambridge B1 Preliminary 2025 公开词表；原表全文可检出此词形。中文义项与搭配由工作区整理，非真题原句；B1 是参考来源的级别，不是收录上限。	
日常物品、工具与操作	lock	n.	锁	a broken door lock	坏了的门锁	https://www.cambridgeenglish.org/pl/Images/506887-b1-preliminary-vocabulary-list.pdf	主题范围参考 Cambridge B1 Preliminary 2025 公开词表；原表全文可检出此词形。中文义项与搭配由工作区整理，非真题原句；B1 是参考来源的级别，不是收录上限。	
日常物品、工具与操作	key	n.	钥匙	a spare key	备用钥匙	https://www.cambridgeenglish.org/pl/Images/506887-b1-preliminary-vocabulary-list.pdf	主题范围参考 Cambridge B1 Preliminary 2025 公开词表；原表全文可检出此词形。中文义项与搭配由工作区整理，非真题原句；B1 是参考来源的级别，不是收录上限。	
日常物品、工具与操作	container	n.	容器	an airtight container	密封容器	https://www.cambridgeenglish.org/pl/Images/506887-b1-preliminary-vocabulary-list.pdf	主题范围参考 Cambridge B1 Preliminary 2025 公开词表；此项为相关扩展，不声称来自该表的逐词摘录。中文义项与搭配由工作区整理，非真题原句；B1 是参考来源的级别，不是收录上限。	
日常物品、工具与操作	lid	n.	盖子	put the lid on	把盖子盖上	https://www.cambridgeenglish.org/pl/Images/506887-b1-preliminary-vocabulary-list.pdf	主题范围参考 Cambridge B1 Preliminary 2025 公开词表；此项为相关扩展，不声称来自该表的逐词摘录。中文义项与搭配由工作区整理，非真题原句；B1 是参考来源的级别，不是收录上限。	
日常物品、工具与操作	bucket	n.	水桶；桶	a bucket of water	一桶水	https://www.cambridgeenglish.org/pl/Images/506887-b1-preliminary-vocabulary-list.pdf	主题范围参考 Cambridge B1 Preliminary 2025 公开词表；原表全文可检出此词形。中文义项与搭配由工作区整理，非真题原句；B1 是参考来源的级别，不是收录上限。	
日常物品、工具与操作	brush	n.	刷子	a stiff brush	硬毛刷	https://www.cambridgeenglish.org/pl/Images/506887-b1-preliminary-vocabulary-list.pdf	主题范围参考 Cambridge B1 Preliminary 2025 公开词表；原表全文可检出此词形。中文义项与搭配由工作区整理，非真题原句；B1 是参考来源的级别，不是收录上限。	
日常物品、工具与操作	cloth	n.	擦拭用的布；也指布料	wipe it with a damp cloth	用湿布擦拭	https://www.cambridgeenglish.org/pl/Images/506887-b1-preliminary-vocabulary-list.pdf	主题范围参考 Cambridge B1 Preliminary 2025 公开词表；原表全文可检出此词形。中文义项与搭配由工作区整理，非真题原句；B1 是参考来源的级别，不是收录上限。	
日常物品、工具与操作	sponge	n.	海绵；海绵擦	a kitchen sponge	厨房海绵擦	https://www.cambridgeenglish.org/pl/Images/506887-b1-preliminary-vocabulary-list.pdf	主题范围参考 Cambridge B1 Preliminary 2025 公开词表；此项为相关扩展，不声称来自该表的逐词摘录。中文义项与搭配由工作区整理，非真题原句；B1 是参考来源的级别，不是收录上限。	
日常物品、工具与操作	ladder	n.	梯子	climb a ladder	爬梯子	https://www.cambridgeenglish.org/pl/Images/506887-b1-preliminary-vocabulary-list.pdf	主题范围参考 Cambridge B1 Preliminary 2025 公开词表；原表全文可检出此词形。中文义项与搭配由工作区整理，非真题原句；B1 是参考来源的级别，不是收录上限。	
日常物品、工具与操作	hammer	n.	锤子	use a hammer	使用锤子	https://www.cambridgeenglish.org/pl/Images/506887-b1-preliminary-vocabulary-list.pdf	主题范围参考 Cambridge B1 Preliminary 2025 公开词表；此项为相关扩展，不声称来自该表的逐词摘录。中文义项与搭配由工作区整理，非真题原句；B1 是参考来源的级别，不是收录上限。	
日常物品、工具与操作	screwdriver	n.	螺丝刀	a small screwdriver	一把小螺丝刀	https://www.cambridgeenglish.org/pl/Images/506887-b1-preliminary-vocabulary-list.pdf	主题范围参考 Cambridge B1 Preliminary 2025 公开词表；此项为相关扩展，不声称来自该表的逐词摘录。中文义项与搭配由工作区整理，非真题原句；B1 是参考来源的级别，不是收录上限。	
日常物品、工具与操作	scissors	n. pl.	剪刀	a pair of scissors	一把剪刀	https://www.cambridgeenglish.org/pl/Images/506887-b1-preliminary-vocabulary-list.pdf	主题范围参考 Cambridge B1 Preliminary 2025 公开词表；原表全文可检出此词形。中文义项与搭配由工作区整理，非真题原句；B1 是参考来源的级别，不是收录上限。	
日常物品、工具与操作	tape	n.	胶带；另有录音带义	a roll of adhesive tape	一卷胶带	https://www.cambridgeenglish.org/pl/Images/506887-b1-preliminary-vocabulary-list.pdf	主题范围参考 Cambridge B1 Preliminary 2025 公开词表；此项为相关扩展，不声称来自该表的逐词摘录。中文义项与搭配由工作区整理，非真题原句；B1 是参考来源的级别，不是收录上限。	
日常物品、工具与操作	attach	v.	固定；附上	attach a label to the box	把标签贴在箱子上	https://www.cambridgeenglish.org/pl/Images/506887-b1-preliminary-vocabulary-list.pdf	主题范围参考 Cambridge B1 Preliminary 2025 公开词表；原表全文可检出此词形。中文义项与搭配由工作区整理，非真题原句；B1 是参考来源的级别，不是收录上限。	
日常物品、工具与操作	adjust	v.	调整	adjust the height of the chair	调节椅子的高度	https://www.cambridgeenglish.org/pl/Images/506887-b1-preliminary-vocabulary-list.pdf	主题范围参考 Cambridge B1 Preliminary 2025 公开词表；此项为相关扩展，不声称来自该表的逐词摘录。中文义项与搭配由工作区整理，非真题原句；B1 是参考来源的级别，不是收录上限。	
日常物品、工具与操作	replace	v.	替换；更换	replace a worn part	更换磨损的零件	https://www.cambridgeenglish.org/pl/Images/506887-b1-preliminary-vocabulary-list.pdf	主题范围参考 Cambridge B1 Preliminary 2025 公开词表；原表全文可检出此词形。中文义项与搭配由工作区整理，非真题原句；B1 是参考来源的级别，不是收录上限。	
科学研究与证据	research	n.	系统性研究，通常不可数	carry out research into memory	开展关于记忆的研究	https://www.oxfordlearnersdictionaries.com/topic/scientific-research	话题组织参考 Oxford 公开主题词典；词形在本地 Oxford 3000/5000 索引中可检出。中文义项、搭配和用法提示为工作区编写，不是原题摘录或量化高频排名。	一般说 some research 或 a research project，不用 a research 表示一次研究。
科学研究与证据	hypothesis	n.	有待检验的假设	test a hypothesis	检验一个假设	https://www.oxfordlearnersdictionaries.com/topic/scientific-research	话题组织参考 Oxford 公开主题词典；词形在本地 Oxford 3000/5000 索引中可检出。中文义项、搭配和用法提示为工作区编写，不是原题摘录或量化高频排名。	
科学研究与证据	experiment	n.	实验	design a controlled experiment	设计一项对照实验	https://www.oxfordlearnersdictionaries.com/topic/scientific-research	话题组织参考 Oxford 公开主题词典；词形在本地 Oxford 3000/5000 索引中可检出。中文义项、搭配和用法提示为工作区编写，不是原题摘录或量化高频排名。	
科学研究与证据	observation	n.	观察；观察所得的记录	make careful observations	进行仔细观察并记录	https://www.oxfordlearnersdictionaries.com/topic/scientific-research	话题组织参考 Oxford 公开主题词典；词形在本地 Oxford 3000/5000 索引中可检出。中文义项、搭配和用法提示为工作区编写，不是原题摘录或量化高频排名。	
科学研究与证据	sample	n.	样本；抽取的一部分	a representative sample	有代表性的样本	https://www.oxfordlearnersdictionaries.com/topic/scientific-research	话题组织参考 Oxford 公开主题词典；词形在本地 Oxford 3000/5000 索引中可检出。中文义项、搭配和用法提示为工作区编写，不是原题摘录或量化高频排名。	
科学研究与证据	participant	n.	参与者	recruit participants for a study	招募研究参与者	https://www.oxfordlearnersdictionaries.com/topic/scientific-research	话题组织参考 Oxford 公开主题词典；词形在本地 Oxford 3000/5000 索引中可检出。中文义项、搭配和用法提示为工作区编写，不是原题摘录或量化高频排名。	
科学研究与证据	variable	n.	会发生变化的量或因素	control the relevant variables	控制相关变量	https://www.oxfordlearnersdictionaries.com/topic/scientific-research	话题组织参考 Oxford 公开主题词典；词形在本地 Oxford 3000/5000 索引中可检出。中文义项、搭配和用法提示为工作区编写，不是原题摘录或量化高频排名。	
科学研究与证据	data	n.	数据；用于分析的信息	collect data from several sources	从几个来源收集数据	https://www.oxfordlearnersdictionaries.com/topic/scientific-research	话题组织参考 Oxford 公开主题词典；词形在本地 Oxford 3000/5000 索引中可检出。中文义项、搭配和用法提示为工作区编写，不是原题摘录或量化高频排名。	
科学研究与证据	evidence	n.	证据，通常不可数	provide evidence for a claim	为一个说法提供证据	https://www.oxfordlearnersdictionaries.com/topic/scientific-research	话题组织参考 Oxford 公开主题词典；词形在本地 Oxford 3000/5000 索引中可检出。中文义项、搭配和用法提示为工作区编写，不是原题摘录或量化高频排名。	表达一项证据时可用 a piece of evidence。
科学研究与证据	finding	n.	研究发现；常用复数	report the main findings	报告主要研究结果	https://www.oxfordlearnersdictionaries.com/topic/scientific-research	话题组织参考 Oxford 公开主题词典；词形在本地 Oxford 3000/5000 索引中可检出。中文义项、搭配和用法提示为工作区编写，不是原题摘录或量化高频排名。	
科学研究与证据	analysis	n.	分析	a detailed analysis of the results	对结果的详细分析	https://www.oxfordlearnersdictionaries.com/topic/scientific-research	话题组织参考 Oxford 公开主题词典；词形在本地 Oxford 3000/5000 索引中可检出。中文义项、搭配和用法提示为工作区编写，不是原题摘录或量化高频排名。	
科学研究与证据	methodology	n.	研究所用方法的体系与原则	explain the research methodology	说明研究方法体系	https://www.oxfordlearnersdictionaries.com/topic/scientific-research	话题组织参考 Oxford 公开主题词典；词形在本地 Oxford 3000/5000 索引中可检出。中文义项、搭配和用法提示为工作区编写，不是原题摘录或量化高频排名。	
科学研究与证据	procedure	n.	操作程序；步骤	follow a standard procedure	遵循标准程序	https://www.oxfordlearnersdictionaries.com/topic/scientific-research	话题组织参考 Oxford 公开主题词典；词形在本地 Oxford 3000/5000 索引中可检出。中文义项、搭配和用法提示为工作区编写，不是原题摘录或量化高频排名。	
科学研究与证据	measure	v.	测量	measure changes in temperature	测量温度变化	https://www.oxfordlearnersdictionaries.com/topic/scientific-research	话题组织参考 Oxford 公开主题词典；词形在本地 Oxford 3000/5000 索引中可检出。中文义项、搭配和用法提示为工作区编写，不是原题摘录或量化高频排名。	
科学研究与证据	estimate	v.	估算	estimate the size of the population	估算人口规模	https://www.oxfordlearnersdictionaries.com/topic/scientific-research	话题组织参考 Oxford 公开主题词典；词形在本地 Oxford 3000/5000 索引中可检出。中文义项、搭配和用法提示为工作区编写，不是原题摘录或量化高频排名。	
科学研究与证据	verify	v.	核实；检验是否真实准确	verify the results independently	独立核验结果	https://www.oxfordlearnersdictionaries.com/topic/scientific-research	话题组织参考 Oxford 公开主题词典；词形在本地 Oxford 3000/5000 索引中可检出。中文义项、搭配和用法提示为工作区编写，不是原题摘录或量化高频排名。	
科学研究与证据	replicate	v.	重复进行以检验结果	replicate an earlier experiment	重复先前的实验	https://www.oxfordlearnersdictionaries.com/topic/scientific-research	话题组织参考 Oxford 公开主题词典；相关扩展词，未在本地 Oxford 核心索引中匹配。中文义项、搭配和用法提示为工作区编写，不是原题摘录或量化高频排名。	
科学研究与证据	correlation	n.	两个变量之间的相关关系	a correlation between age and income	年龄与收入之间的相关关系	https://www.oxfordlearnersdictionaries.com/topic/scientific-research	话题组织参考 Oxford 公开主题词典；词形在本地 Oxford 3000/5000 索引中可检出。中文义项、搭配和用法提示为工作区编写，不是原题摘录或量化高频排名。	相关关系本身不能证明因果关系；两词表达的概念不同。
科学研究与证据	causation	n.	导致某事发生的因果关系	establish causation	确立因果关系	https://www.oxfordlearnersdictionaries.com/topic/scientific-research	话题组织参考 Oxford 公开主题词典；相关扩展词，未在本地 Oxford 核心索引中匹配。中文义项、搭配和用法提示为工作区编写，不是原题摘录或量化高频排名。	
科学研究与证据	bias	n.	系统性偏差；偏见	reduce selection bias	减少选择偏差	https://www.oxfordlearnersdictionaries.com/topic/scientific-research	话题组织参考 Oxford 公开主题词典；词形在本地 Oxford 3000/5000 索引中可检出。中文义项、搭配和用法提示为工作区编写，不是原题摘录或量化高频排名。	
科学研究与证据	valid	adj.	有根据的；符合要求而有效的	a valid conclusion	有根据的结论	https://www.oxfordlearnersdictionaries.com/topic/scientific-research	话题组织参考 Oxford 公开主题词典；词形在本地 Oxford 3000/5000 索引中可检出。中文义项、搭配和用法提示为工作区编写，不是原题摘录或量化高频排名。	
科学研究与证据	precise	adj.	精确的；细节明确的	a precise measurement	精确的测量	https://www.oxfordlearnersdictionaries.com/topic/scientific-research	话题组织参考 Oxford 公开主题词典；词形在本地 Oxford 3000/5000 索引中可检出。中文义项、搭配和用法提示为工作区编写，不是原题摘录或量化高频排名。	
科学研究与证据	consistent	adj.	前后一致的；相符的	consistent with previous findings	与先前发现相符	https://www.oxfordlearnersdictionaries.com/topic/scientific-research	话题组织参考 Oxford 公开主题词典；词形在本地 Oxford 3000/5000 索引中可检出。中文义项、搭配和用法提示为工作区编写，不是原题摘录或量化高频排名。	
科学研究与证据	uncertainty	n.	不确定性	acknowledge the uncertainty	承认其中的不确定性	https://www.oxfordlearnersdictionaries.com/topic/scientific-research	话题组织参考 Oxford 公开主题词典；词形在本地 Oxford 3000/5000 索引中可检出。中文义项、搭配和用法提示为工作区编写，不是原题摘录或量化高频排名。	
科学研究与证据	peer review	n.	同行评审	undergo peer review	接受同行评审	https://www.oxfordlearnersdictionaries.com/topic/scientific-research	话题组织参考 Oxford 公开主题词典；相关扩展词，未在本地 Oxford 核心索引中匹配。中文义项、搭配和用法提示为工作区编写，不是原题摘录或量化高频排名。	
法律、权利与责任	law	n.	法律；法律体系	obey the law	遵守法律	https://www.oxfordlearnersdictionaries.com/us/topic/category/politics-and-society	话题组织参考 Oxford 公开主题词典；词形在本地 Oxford 3000/5000 索引中可检出。中文义项、搭配和用法提示为工作区编写，不是原题摘录或量化高频排名。	
法律、权利与责任	legal	adj.	与法律有关的；合法的	seek legal advice	寻求法律意见	https://www.oxfordlearnersdictionaries.com/us/topic/category/politics-and-society	话题组织参考 Oxford 公开主题词典；词形在本地 Oxford 3000/5000 索引中可检出。中文义项、搭配和用法提示为工作区编写，不是原题摘录或量化高频排名。	
法律、权利与责任	illegal	adj.	法律禁止的	illegal activity	违法活动	https://www.oxfordlearnersdictionaries.com/us/topic/category/politics-and-society	话题组织参考 Oxford 公开主题词典；词形在本地 Oxford 3000/5000 索引中可检出。中文义项、搭配和用法提示为工作区编写，不是原题摘录或量化高频排名。	
法律、权利与责任	legislation	n.	法律法规的总称；立法	introduce new legislation	提出新法规	https://www.oxfordlearnersdictionaries.com/us/topic/category/politics-and-society	话题组织参考 Oxford 公开主题词典；词形在本地 Oxford 3000/5000 索引中可检出。中文义项、搭配和用法提示为工作区编写，不是原题摘录或量化高频排名。	通常不可数；一项法律可用 a law。
法律、权利与责任	regulation	n.	规章；管理规定	comply with safety regulations	遵守安全规定	https://www.oxfordlearnersdictionaries.com/us/topic/category/politics-and-society	话题组织参考 Oxford 公开主题词典；词形在本地 Oxford 3000/5000 索引中可检出。中文义项、搭配和用法提示为工作区编写，不是原题摘录或量化高频排名。	
法律、权利与责任	right	n.	受承认或保护的权利	the right to privacy	隐私权	https://www.oxfordlearnersdictionaries.com/us/topic/category/politics-and-society	话题组织参考 Oxford 公开主题词典；词形在本地 Oxford 3000/5000 索引中可检出。中文义项、搭配和用法提示为工作区编写，不是原题摘录或量化高频排名。	
法律、权利与责任	duty	n.	职责；应尽的义务	a duty to protect confidential information	保护机密信息的义务	https://www.oxfordlearnersdictionaries.com/us/topic/category/politics-and-society	话题组织参考 Oxford 公开主题词典；词形在本地 Oxford 3000/5000 索引中可检出。中文义项、搭配和用法提示为工作区编写，不是原题摘录或量化高频排名。	
法律、权利与责任	liability	n.	法律责任；也可指债务	accept liability for the damage	承担损害责任	https://www.oxfordlearnersdictionaries.com/us/topic/category/politics-and-society	话题组织参考 Oxford 公开主题词典；相关扩展词，未在本地 Oxford 核心索引中匹配。中文义项、搭配和用法提示为工作区编写，不是原题摘录或量化高频排名。	
法律、权利与责任	contract	n.	有约束力的合同	sign a written contract	签订书面合同	https://www.oxfordlearnersdictionaries.com/us/topic/category/politics-and-society	话题组织参考 Oxford 公开主题词典；词形在本地 Oxford 3000/5000 索引中可检出。中文义项、搭配和用法提示为工作区编写，不是原题摘录或量化高频排名。	
法律、权利与责任	consent	n.	同意；许可	obtain written consent	取得书面同意	https://www.oxfordlearnersdictionaries.com/us/topic/category/politics-and-society	话题组织参考 Oxford 公开主题词典；词形在本地 Oxford 3000/5000 索引中可检出。中文义项、搭配和用法提示为工作区编写，不是原题摘录或量化高频排名。	
法律、权利与责任	dispute	n.	争议；纠纷	settle a dispute peacefully	和平解决争端	https://www.oxfordlearnersdictionaries.com/us/topic/category/politics-and-society	话题组织参考 Oxford 公开主题词典；词形在本地 Oxford 3000/5000 索引中可检出。中文义项、搭配和用法提示为工作区编写，不是原题摘录或量化高频排名。	
法律、权利与责任	claim	n.	索赔或其他正式要求	make a claim for compensation	提出赔偿要求	https://www.oxfordlearnersdictionaries.com/us/topic/category/politics-and-society	话题组织参考 Oxford 公开主题词典；词形在本地 Oxford 3000/5000 索引中可检出。中文义项、搭配和用法提示为工作区编写，不是原题摘录或量化高频排名。	
法律、权利与责任	compensation	n.	赔偿；补偿	receive compensation for a loss	因损失获得赔偿	https://www.oxfordlearnersdictionaries.com/us/topic/category/politics-and-society	话题组织参考 Oxford 公开主题词典；词形在本地 Oxford 3000/5000 索引中可检出。中文义项、搭配和用法提示为工作区编写，不是原题摘录或量化高频排名。	
法律、权利与责任	court	n.	法院；法庭	appear in court	出庭	https://www.oxfordlearnersdictionaries.com/us/topic/category/politics-and-society	话题组织参考 Oxford 公开主题词典；词形在本地 Oxford 3000/5000 索引中可检出。中文义项、搭配和用法提示为工作区编写，不是原题摘录或量化高频排名。	
法律、权利与责任	judge	n.	法官	the judge's decision	法官的裁决	https://www.oxfordlearnersdictionaries.com/us/topic/category/politics-and-society	话题组织参考 Oxford 公开主题词典；词形在本地 Oxford 3000/5000 索引中可检出。中文义项、搭配和用法提示为工作区编写，不是原题摘录或量化高频排名。	
法律、权利与责任	lawyer	n.	律师	consult a lawyer	咨询律师	https://www.oxfordlearnersdictionaries.com/us/topic/category/politics-and-society	话题组织参考 Oxford 公开主题词典；词形在本地 Oxford 3000/5000 索引中可检出。中文义项、搭配和用法提示为工作区编写，不是原题摘录或量化高频排名。	
法律、权利与责任	witness	n.	目击者；作证的人	a witness to the accident	事故的目击者	https://www.oxfordlearnersdictionaries.com/us/topic/category/politics-and-society	话题组织参考 Oxford 公开主题词典；词形在本地 Oxford 3000/5000 索引中可检出。中文义项、搭配和用法提示为工作区编写，不是原题摘录或量化高频排名。	
法律、权利与责任	trial	n.	审判；另有试验义	a fair trial	公正的审判	https://www.oxfordlearnersdictionaries.com/us/topic/category/politics-and-society	话题组织参考 Oxford 公开主题词典；词形在本地 Oxford 3000/5000 索引中可检出。中文义项、搭配和用法提示为工作区编写，不是原题摘录或量化高频排名。	
法律、权利与责任	verdict	n.	裁决；正式结论	reach a verdict	作出裁决	https://www.oxfordlearnersdictionaries.com/us/topic/category/politics-and-society	话题组织参考 Oxford 公开主题词典；词形在本地 Oxford 3000/5000 索引中可检出。中文义项、搭配和用法提示为工作区编写，不是原题摘录或量化高频排名。	
法律、权利与责任	appeal	n.	要求复审的上诉	lodge an appeal against the decision	针对裁决提出上诉	https://www.oxfordlearnersdictionaries.com/us/topic/category/politics-and-society	话题组织参考 Oxford 公开主题词典；词形在本地 Oxford 3000/5000 索引中可检出。中文义项、搭配和用法提示为工作区编写，不是原题摘录或量化高频排名。	
法律、权利与责任	offence	n.	违法行为；英式拼法	commit a criminal offence	实施犯罪行为	https://www.oxfordlearnersdictionaries.com/us/topic/category/politics-and-society	话题组织参考 Oxford 公开主题词典；词形在本地 Oxford 3000/5000 索引中可检出。中文义项、搭配和用法提示为工作区编写，不是原题摘录或量化高频排名。	
法律、权利与责任	penalty	n.	处罚	a financial penalty	经济处罚	https://www.oxfordlearnersdictionaries.com/us/topic/category/politics-and-society	话题组织参考 Oxford 公开主题词典；词形在本地 Oxford 3000/5000 索引中可检出。中文义项、搭配和用法提示为工作区编写，不是原题摘录或量化高频排名。	
法律、权利与责任	fine	n.	罚款	pay a parking fine	支付违章停车罚款	https://www.oxfordlearnersdictionaries.com/us/topic/category/politics-and-society	话题组织参考 Oxford 公开主题词典；词形在本地 Oxford 3000/5000 索引中可检出。中文义项、搭配和用法提示为工作区编写，不是原题摘录或量化高频排名。	
法律、权利与责任	enforce	v.	执行；强制落实规定	enforce the regulations	执行规章	https://www.oxfordlearnersdictionaries.com/us/topic/category/politics-and-society	话题组织参考 Oxford 公开主题词典；词形在本地 Oxford 3000/5000 索引中可检出。中文义项、搭配和用法提示为工作区编写，不是原题摘录或量化高频排名。	
法律、权利与责任	prohibit	v.	正式禁止	prohibit vehicles from entering	禁止车辆进入	https://www.oxfordlearnersdictionaries.com/us/topic/category/politics-and-society	话题组织参考 Oxford 公开主题词典；词形在本地 Oxford 3000/5000 索引中可检出。中文义项、搭配和用法提示为工作区编写，不是原题摘录或量化高频排名。	常见结构 prohibit somebody/something from doing something。
政府、公共服务与公民参与	government	n.	政府	local government services	地方政府提供的服务	https://www.oxfordlearnersdictionaries.com/us/topic/category/politics-and-society	话题组织参考 Oxford 公开主题词典；词形在本地 Oxford 3000/5000 索引中可检出。中文义项、搭配和用法提示为工作区编写，不是原题摘录或量化高频排名。	
政府、公共服务与公民参与	authority	n.	当局；有管辖权的机构	contact the local authority	联系地方主管机构	https://www.oxfordlearnersdictionaries.com/us/topic/category/politics-and-society	话题组织参考 Oxford 公开主题词典；词形在本地 Oxford 3000/5000 索引中可检出。中文义项、搭配和用法提示为工作区编写，不是原题摘录或量化高频排名。	
政府、公共服务与公民参与	policy	n.	政策；方针	review an existing policy	审查现行政策	https://www.oxfordlearnersdictionaries.com/us/topic/category/politics-and-society	话题组织参考 Oxford 公开主题词典；词形在本地 Oxford 3000/5000 索引中可检出。中文义项、搭配和用法提示为工作区编写，不是原题摘录或量化高频排名。	
政府、公共服务与公民参与	reform	n.	改革	support public service reform	支持公共服务改革	https://www.oxfordlearnersdictionaries.com/us/topic/category/politics-and-society	话题组织参考 Oxford 公开主题词典；词形在本地 Oxford 3000/5000 索引中可检出。中文义项、搭配和用法提示为工作区编写，不是原题摘录或量化高频排名。	
政府、公共服务与公民参与	election	n.	选举	hold a general election	举行大选	https://www.oxfordlearnersdictionaries.com/us/topic/category/politics-and-society	话题组织参考 Oxford 公开主题词典；词形在本地 Oxford 3000/5000 索引中可检出。中文义项、搭配和用法提示为工作区编写，不是原题摘录或量化高频排名。	
政府、公共服务与公民参与	vote	v.	投票	vote in a local election	在地方选举中投票	https://www.oxfordlearnersdictionaries.com/us/topic/category/politics-and-society	话题组织参考 Oxford 公开主题词典；词形在本地 Oxford 3000/5000 索引中可检出。中文义项、搭配和用法提示为工作区编写，不是原题摘录或量化高频排名。	
政府、公共服务与公民参与	candidate	n.	候选人；也可指求职者	an independent candidate	独立候选人	https://www.oxfordlearnersdictionaries.com/us/topic/category/politics-and-society	话题组织参考 Oxford 公开主题词典；词形在本地 Oxford 3000/5000 索引中可检出。中文义项、搭配和用法提示为工作区编写，不是原题摘录或量化高频排名。	
政府、公共服务与公民参与	representative	n.	代表	an elected representative	经选举产生的代表	https://www.oxfordlearnersdictionaries.com/us/topic/category/politics-and-society	话题组织参考 Oxford 公开主题词典；词形在本地 Oxford 3000/5000 索引中可检出。中文义项、搭配和用法提示为工作区编写，不是原题摘录或量化高频排名。	
政府、公共服务与公民参与	parliament	n.	议会	a member of parliament	议会议员	https://www.oxfordlearnersdictionaries.com/us/topic/category/politics-and-society	话题组织参考 Oxford 公开主题词典；词形在本地 Oxford 3000/5000 索引中可检出。中文义项、搭配和用法提示为工作区编写，不是原题摘录或量化高频排名。	
政府、公共服务与公民参与	citizen	n.	公民	the rights of citizens	公民的权利	https://www.oxfordlearnersdictionaries.com/us/topic/category/politics-and-society	话题组织参考 Oxford 公开主题词典；词形在本地 Oxford 3000/5000 索引中可检出。中文义项、搭配和用法提示为工作区编写，不是原题摘录或量化高频排名。	
政府、公共服务与公民参与	resident	n.	居民	consult local residents	征询当地居民意见	https://www.oxfordlearnersdictionaries.com/us/topic/category/politics-and-society	话题组织参考 Oxford 公开主题词典；词形在本地 Oxford 3000/5000 索引中可检出。中文义项、搭配和用法提示为工作区编写，不是原题摘录或量化高频排名。	
政府、公共服务与公民参与	community	n.	社区；有共同特征的群体	a community centre	社区中心	https://www.oxfordlearnersdictionaries.com/us/topic/category/politics-and-society	话题组织参考 Oxford 公开主题词典；词形在本地 Oxford 3000/5000 索引中可检出。中文义项、搭配和用法提示为工作区编写，不是原题摘录或量化高频排名。	
政府、公共服务与公民参与	public sector	n.	公共部门	work in the public sector	在公共部门工作	https://www.oxfordlearnersdictionaries.com/us/topic/category/politics-and-society	话题组织参考 Oxford 公开主题词典；相关扩展词，未在本地 Oxford 核心索引中匹配。中文义项、搭配和用法提示为工作区编写，不是原题摘录或量化高频排名。	
政府、公共服务与公民参与	welfare	n.	福祉；社会福利	improve public welfare	改善公共福祉	https://www.oxfordlearnersdictionaries.com/us/topic/category/politics-and-society	话题组织参考 Oxford 公开主题词典；词形在本地 Oxford 3000/5000 索引中可检出。中文义项、搭配和用法提示为工作区编写，不是原题摘录或量化高频排名。	
政府、公共服务与公民参与	pension	n.	养老金；退休金	receive a state pension	领取国家养老金	https://www.oxfordlearnersdictionaries.com/us/topic/category/politics-and-society	话题组织参考 Oxford 公开主题词典；词形在本地 Oxford 3000/5000 索引中可检出。中文义项、搭配和用法提示为工作区编写，不是原题摘录或量化高频排名。	
政府、公共服务与公民参与	tax	n.	税	pay income tax	缴纳所得税	https://www.oxfordlearnersdictionaries.com/us/topic/category/politics-and-society	话题组织参考 Oxford 公开主题词典；词形在本地 Oxford 3000/5000 索引中可检出。中文义项、搭配和用法提示为工作区编写，不是原题摘录或量化高频排名。	
政府、公共服务与公民参与	subsidy	n.	补贴	a subsidy for public transport	公共交通补贴	https://www.oxfordlearnersdictionaries.com/us/topic/category/politics-and-society	话题组织参考 Oxford 公开主题词典；词形在本地 Oxford 3000/5000 索引中可检出。中文义项、搭配和用法提示为工作区编写，不是原题摘录或量化高频排名。	
政府、公共服务与公民参与	grant	n.	资助款	apply for a research grant	申请研究资助	https://www.oxfordlearnersdictionaries.com/us/topic/category/politics-and-society	话题组织参考 Oxford 公开主题词典；词形在本地 Oxford 3000/5000 索引中可检出。中文义项、搭配和用法提示为工作区编写，不是原题摘录或量化高频排名。	
政府、公共服务与公民参与	budget	n.	预算	set an annual budget	制定年度预算	https://www.oxfordlearnersdictionaries.com/us/topic/category/politics-and-society	话题组织参考 Oxford 公开主题词典；词形在本地 Oxford 3000/5000 索引中可检出。中文义项、搭配和用法提示为工作区编写，不是原题摘录或量化高频排名。	
政府、公共服务与公民参与	funding	n.	资金支持，通常不可数	secure funding for a project	为项目争取到资金	https://www.oxfordlearnersdictionaries.com/us/topic/category/politics-and-society	话题组织参考 Oxford 公开主题词典；词形在本地 Oxford 3000/5000 索引中可检出。中文义项、搭配和用法提示为工作区编写，不是原题摘录或量化高频排名。	
政府、公共服务与公民参与	allocation	n.	分配；拨给的份额	the allocation of public funds	公共资金的分配	https://www.oxfordlearnersdictionaries.com/us/topic/category/politics-and-society	话题组织参考 Oxford 公开主题词典；词形在本地 Oxford 3000/5000 索引中可检出。中文义项、搭配和用法提示为工作区编写，不是原题摘录或量化高频排名。	
政府、公共服务与公民参与	transparency	n.	公开透明的程度	improve transparency in decision-making	提高决策透明度	https://www.oxfordlearnersdictionaries.com/us/topic/category/politics-and-society	话题组织参考 Oxford 公开主题词典；词形在本地 Oxford 3000/5000 索引中可检出。中文义项、搭配和用法提示为工作区编写，不是原题摘录或量化高频排名。	
政府、公共服务与公民参与	accountability	n.	对行为负责并作出解释的责任	public accountability	对公众负责	https://www.oxfordlearnersdictionaries.com/us/topic/category/politics-and-society	话题组织参考 Oxford 公开主题词典；词形在本地 Oxford 3000/5000 索引中可检出。中文义项、搭配和用法提示为工作区编写，不是原题摘录或量化高频排名。	
政府、公共服务与公民参与	consultation	n.	征询意见；协商	a public consultation on the proposal	就提案开展的公众意见征询	https://www.oxfordlearnersdictionaries.com/us/topic/category/politics-and-society	话题组织参考 Oxford 公开主题词典；词形在本地 Oxford 3000/5000 索引中可检出。中文义项、搭配和用法提示为工作区编写，不是原题摘录或量化高频排名。	
政府、公共服务与公民参与	petition	n.	请愿书	sign a petition	在请愿书上签名	https://www.oxfordlearnersdictionaries.com/us/topic/category/politics-and-society	话题组织参考 Oxford 公开主题词典；词形在本地 Oxford 3000/5000 索引中可检出。中文义项、搭配和用法提示为工作区编写，不是原题摘录或量化高频排名。	
农业、植物与食物生产	agriculture	n.	农业	sustainable agriculture	可持续农业	https://www.oxfordlearnersdictionaries.com/topic/	话题组织参考 Oxford 公开主题词典；词形在本地 Oxford 3000/5000 索引中可检出。中文义项、搭配和用法提示为工作区编写，不是原题摘录或量化高频排名。	
农业、植物与食物生产	crop	n.	农作物；收成	grow food crops	种植粮食作物	https://www.oxfordlearnersdictionaries.com/topic/	话题组织参考 Oxford 公开主题词典；词形在本地 Oxford 3000/5000 索引中可检出。中文义项、搭配和用法提示为工作区编写，不是原题摘录或量化高频排名。	
农业、植物与食物生产	harvest	n.	收获；收成	a successful harvest	好收成	https://www.oxfordlearnersdictionaries.com/topic/	话题组织参考 Oxford 公开主题词典；词形在本地 Oxford 3000/5000 索引中可检出。中文义项、搭配和用法提示为工作区编写，不是原题摘录或量化高频排名。	
农业、植物与食物生产	yield	n.	产量	increase crop yields	提高作物产量	https://www.oxfordlearnersdictionaries.com/topic/	话题组织参考 Oxford 公开主题词典；词形在本地 Oxford 3000/5000 索引中可检出。中文义项、搭配和用法提示为工作区编写，不是原题摘录或量化高频排名。	
农业、植物与食物生产	seed	n.	种子	plant seeds in spring	春天播种	https://www.oxfordlearnersdictionaries.com/topic/	话题组织参考 Oxford 公开主题词典；词形在本地 Oxford 3000/5000 索引中可检出。中文义项、搭配和用法提示为工作区编写，不是原题摘录或量化高频排名。	
农业、植物与食物生产	root	n.	植物的根	deep roots	深扎的根	https://www.oxfordlearnersdictionaries.com/topic/	话题组织参考 Oxford 公开主题词典；词形在本地 Oxford 3000/5000 索引中可检出。中文义项、搭配和用法提示为工作区编写，不是原题摘录或量化高频排名。	
农业、植物与食物生产	stem	n.	植物的茎	a strong stem	粗壮的茎	https://www.oxfordlearnersdictionaries.com/topic/	话题组织参考 Oxford 公开主题词典；词形在本地 Oxford 3000/5000 索引中可检出。中文义项、搭配和用法提示为工作区编写，不是原题摘录或量化高频排名。	
农业、植物与食物生产	leaf	n.	叶子	remove dead leaves	去掉枯叶	https://www.oxfordlearnersdictionaries.com/topic/	话题组织参考 Oxford 公开主题词典；词形在本地 Oxford 3000/5000 索引中可检出。中文义项、搭配和用法提示为工作区编写，不是原题摘录或量化高频排名。	复数是 leaves。
农业、植物与食物生产	blossom	n.	果树等的花；花簇	cherry blossom	樱花	https://www.oxfordlearnersdictionaries.com/topic/	话题组织参考 Oxford 公开主题词典；相关扩展词，未在本地 Oxford 核心索引中匹配。中文义项、搭配和用法提示为工作区编写，不是原题摘录或量化高频排名。	
农业、植物与食物生产	pollinate	v.	为植物授粉	insects that pollinate flowers	给花授粉的昆虫	https://www.oxfordlearnersdictionaries.com/topic/	话题组织参考 Oxford 公开主题词典；相关扩展词，未在本地 Oxford 核心索引中匹配。中文义项、搭配和用法提示为工作区编写，不是原题摘录或量化高频排名。	
农业、植物与食物生产	germinate	v.	种子发芽	seeds begin to germinate	种子开始发芽	https://www.oxfordlearnersdictionaries.com/topic/	话题组织参考 Oxford 公开主题词典；相关扩展词，未在本地 Oxford 核心索引中匹配。中文义项、搭配和用法提示为工作区编写，不是原题摘录或量化高频排名。	
农业、植物与食物生产	cultivate	v.	耕作；种植	cultivate the land	耕种土地	https://www.oxfordlearnersdictionaries.com/topic/	话题组织参考 Oxford 公开主题词典；词形在本地 Oxford 3000/5000 索引中可检出。中文义项、搭配和用法提示为工作区编写，不是原题摘录或量化高频排名。	
农业、植物与食物生产	irrigation	n.	灌溉	an efficient irrigation system	高效的灌溉系统	https://www.oxfordlearnersdictionaries.com/topic/	话题组织参考 Oxford 公开主题词典；相关扩展词，未在本地 Oxford 核心索引中匹配。中文义项、搭配和用法提示为工作区编写，不是原题摘录或量化高频排名。	
农业、植物与食物生产	fertiliser	n.	肥料；英式拼法	apply fertiliser to the soil	向土壤施肥	https://www.oxfordlearnersdictionaries.com/topic/	话题组织参考 Oxford 公开主题词典；相关扩展词，未在本地 Oxford 核心索引中匹配。中文义项、搭配和用法提示为工作区编写，不是原题摘录或量化高频排名。	
农业、植物与食物生产	pesticide	n.	杀虫剂等农药	reduce pesticide use	减少农药使用	https://www.oxfordlearnersdictionaries.com/topic/	话题组织参考 Oxford 公开主题词典；相关扩展词，未在本地 Oxford 核心索引中匹配。中文义项、搭配和用法提示为工作区编写，不是原题摘录或量化高频排名。	
农业、植物与食物生产	pest	n.	有害生物	protect crops from pests	保护作物免受害虫等侵害	https://www.oxfordlearnersdictionaries.com/topic/	话题组织参考 Oxford 公开主题词典；相关扩展词，未在本地 Oxford 核心索引中匹配。中文义项、搭配和用法提示为工作区编写，不是原题摘录或量化高频排名。	
农业、植物与食物生产	weed	n.	杂草	pull up weeds	拔除杂草	https://www.oxfordlearnersdictionaries.com/topic/	话题组织参考 Oxford 公开主题词典；词形在本地 Oxford 3000/5000 索引中可检出。中文义项、搭配和用法提示为工作区编写，不是原题摘录或量化高频排名。	
农业、植物与食物生产	compost	n.	堆肥	make compost from food scraps	用厨余制作堆肥	https://www.oxfordlearnersdictionaries.com/topic/	话题组织参考 Oxford 公开主题词典；相关扩展词，未在本地 Oxford 核心索引中匹配。中文义项、搭配和用法提示为工作区编写，不是原题摘录或量化高频排名。	
农业、植物与食物生产	organic	adj.	按有机方式生产的	organic farming methods	有机农业方法	https://www.oxfordlearnersdictionaries.com/topic/	话题组织参考 Oxford 公开主题词典；词形在本地 Oxford 3000/5000 索引中可检出。中文义项、搭配和用法提示为工作区编写，不是原题摘录或量化高频排名。	
农业、植物与食物生产	livestock	n.	家畜的集合称呼	raise livestock	饲养家畜	https://www.oxfordlearnersdictionaries.com/topic/	话题组织参考 Oxford 公开主题词典；相关扩展词，未在本地 Oxford 核心索引中匹配。中文义项、搭配和用法提示为工作区编写，不是原题摘录或量化高频排名。	
农业、植物与食物生产	pasture	n.	供牲畜吃草的牧场	graze on open pasture	在开阔牧场吃草	https://www.oxfordlearnersdictionaries.com/topic/	话题组织参考 Oxford 公开主题词典；相关扩展词，未在本地 Oxford 核心索引中匹配。中文义项、搭配和用法提示为工作区编写，不是原题摘录或量化高频排名。	
农业、植物与食物生产	greenhouse	n.	温室	grow tomatoes in a greenhouse	在温室里种番茄	https://www.oxfordlearnersdictionaries.com/topic/	话题组织参考 Oxford 公开主题词典；词形在本地 Oxford 3000/5000 索引中可检出。中文义项、搭配和用法提示为工作区编写，不是原题摘录或量化高频排名。	
农业、植物与食物生产	drought	n.	长期少雨造成的干旱	a prolonged drought	长期干旱	https://www.oxfordlearnersdictionaries.com/topic/	话题组织参考 Oxford 公开主题词典；词形在本地 Oxford 3000/5000 索引中可检出。中文义项、搭配和用法提示为工作区编写，不是原题摘录或量化高频排名。	
农业、植物与食物生产	arable	adj.	适于种植农作物的	arable land	可耕地	https://www.oxfordlearnersdictionaries.com/topic/	话题组织参考 Oxford 公开主题词典；相关扩展词，未在本地 Oxford 核心索引中匹配。中文义项、搭配和用法提示为工作区编写，不是原题摘录或量化高频排名。	
农业、植物与食物生产	food security	n.	获得足够安全营养食物的保障	improve food security	改善粮食安全	https://www.oxfordlearnersdictionaries.com/topic/	话题组织参考 Oxford 公开主题词典；相关扩展词，未在本地 Oxford 核心索引中匹配。中文义项、搭配和用法提示为工作区编写，不是原题摘录或量化高频排名。	
能源、材料与制造	energy	n.	能量；能源	reduce energy consumption	减少能源消耗	https://www.oxfordlearnersdictionaries.com/topic/	话题组织参考 Oxford 公开主题词典；词形在本地 Oxford 3000/5000 索引中可检出。中文义项、搭配和用法提示为工作区编写，不是原题摘录或量化高频排名。	
能源、材料与制造	electricity	n.	电；电力	generate electricity	发电	https://www.oxfordlearnersdictionaries.com/topic/	话题组织参考 Oxford 公开主题词典；词形在本地 Oxford 3000/5000 索引中可检出。中文义项、搭配和用法提示为工作区编写，不是原题摘录或量化高频排名。	
能源、材料与制造	fuel	n.	燃料	save fuel	节省燃料	https://www.oxfordlearnersdictionaries.com/topic/	话题组织参考 Oxford 公开主题词典；词形在本地 Oxford 3000/5000 索引中可检出。中文义项、搭配和用法提示为工作区编写，不是原题摘录或量化高频排名。	
能源、材料与制造	coal	n.	煤	a coal mine	煤矿	https://www.oxfordlearnersdictionaries.com/topic/	话题组织参考 Oxford 公开主题词典；词形在本地 Oxford 3000/5000 索引中可检出。中文义项、搭配和用法提示为工作区编写，不是原题摘录或量化高频排名。	
能源、材料与制造	oil	n.	石油；也有食用油义	crude oil	原油	https://www.oxfordlearnersdictionaries.com/topic/	话题组织参考 Oxford 公开主题词典；词形在本地 Oxford 3000/5000 索引中可检出。中文义项、搭配和用法提示为工作区编写，不是原题摘录或量化高频排名。	
能源、材料与制造	natural gas	n.	天然气	a natural gas pipeline	天然气管道	https://www.oxfordlearnersdictionaries.com/topic/	话题组织参考 Oxford 公开主题词典；相关扩展词，未在本地 Oxford 核心索引中匹配。中文义项、搭配和用法提示为工作区编写，不是原题摘录或量化高频排名。	
能源、材料与制造	renewable	adj.	能源等可再生的	renewable energy sources	可再生能源	https://www.oxfordlearnersdictionaries.com/topic/	话题组织参考 Oxford 公开主题词典；相关扩展词，未在本地 Oxford 核心索引中匹配。中文义项、搭配和用法提示为工作区编写，不是原题摘录或量化高频排名。	
能源、材料与制造	solar	adj.	与太阳有关的	solar power	太阳能发电	https://www.oxfordlearnersdictionaries.com/topic/	话题组织参考 Oxford 公开主题词典；词形在本地 Oxford 3000/5000 索引中可检出。中文义项、搭配和用法提示为工作区编写，不是原题摘录或量化高频排名。	
能源、材料与制造	turbine	n.	涡轮机	a wind turbine	风力涡轮机	https://www.oxfordlearnersdictionaries.com/topic/	话题组织参考 Oxford 公开主题词典；相关扩展词，未在本地 Oxford 核心索引中匹配。中文义项、搭配和用法提示为工作区编写，不是原题摘录或量化高频排名。	
能源、材料与制造	generator	n.	发电机	an emergency generator	应急发电机	https://www.oxfordlearnersdictionaries.com/topic/	话题组织参考 Oxford 公开主题词典；相关扩展词，未在本地 Oxford 核心索引中匹配。中文义项、搭配和用法提示为工作区编写，不是原题摘录或量化高频排名。	
能源、材料与制造	grid	n.	此处指电网	connect to the national grid	接入国家电网	https://www.oxfordlearnersdictionaries.com/topic/	话题组织参考 Oxford 公开主题词典；词形在本地 Oxford 3000/5000 索引中可检出。中文义项、搭配和用法提示为工作区编写，不是原题摘录或量化高频排名。	
能源、材料与制造	storage	n.	储存；储藏	energy storage systems	储能系统	https://www.oxfordlearnersdictionaries.com/topic/	话题组织参考 Oxford 公开主题词典；词形在本地 Oxford 3000/5000 索引中可检出。中文义项、搭配和用法提示为工作区编写，不是原题摘录或量化高频排名。	
能源、材料与制造	capacity	n.	最大容纳量或生产能力	increase production capacity	提高生产能力	https://www.oxfordlearnersdictionaries.com/topic/	话题组织参考 Oxford 公开主题词典；词形在本地 Oxford 3000/5000 索引中可检出。中文义项、搭配和用法提示为工作区编写，不是原题摘录或量化高频排名。	
能源、材料与制造	efficiency	n.	效率	improve energy efficiency	提高能源利用效率	https://www.oxfordlearnersdictionaries.com/topic/	话题组织参考 Oxford 公开主题词典；词形在本地 Oxford 3000/5000 索引中可检出。中文义项、搭配和用法提示为工作区编写，不是原题摘录或量化高频排名。	
能源、材料与制造	insulation	n.	隔热或隔音材料及处理	install roof insulation	安装屋顶隔热层	https://www.oxfordlearnersdictionaries.com/topic/	话题组织参考 Oxford 公开主题词典；相关扩展词，未在本地 Oxford 核心索引中匹配。中文义项、搭配和用法提示为工作区编写，不是原题摘录或量化高频排名。	
能源、材料与制造	raw material	n.	原材料	the cost of raw materials	原材料成本	https://www.oxfordlearnersdictionaries.com/topic/	话题组织参考 Oxford 公开主题词典；相关扩展词，未在本地 Oxford 核心索引中匹配。中文义项、搭配和用法提示为工作区编写，不是原题摘录或量化高频排名。	
能源、材料与制造	metal	n.	金属	recycle scrap metal	回收废金属	https://www.oxfordlearnersdictionaries.com/topic/	话题组织参考 Oxford 公开主题词典；词形在本地 Oxford 3000/5000 索引中可检出。中文义项、搭配和用法提示为工作区编写，不是原题摘录或量化高频排名。	
能源、材料与制造	steel	n.	钢	steel production	钢铁生产	https://www.oxfordlearnersdictionaries.com/topic/	话题组织参考 Oxford 公开主题词典；词形在本地 Oxford 3000/5000 索引中可检出。中文义项、搭配和用法提示为工作区编写，不是原题摘录或量化高频排名。	
能源、材料与制造	concrete	n.	混凝土	pour concrete into a mould	把混凝土浇入模具	https://www.oxfordlearnersdictionaries.com/topic/	话题组织参考 Oxford 公开主题词典；词形在本地 Oxford 3000/5000 索引中可检出。中文义项、搭配和用法提示为工作区编写，不是原题摘录或量化高频排名。	
能源、材料与制造	plastic	n.	塑料	single-use plastic packaging	一次性塑料包装	https://www.oxfordlearnersdictionaries.com/topic/	话题组织参考 Oxford 公开主题词典；词形在本地 Oxford 3000/5000 索引中可检出。中文义项、搭配和用法提示为工作区编写，不是原题摘录或量化高频排名。	
能源、材料与制造	manufacture	v.	大量生产；制造	manufacture electronic components	制造电子零件	https://www.oxfordlearnersdictionaries.com/topic/	话题组织参考 Oxford 公开主题词典；词形在本地 Oxford 3000/5000 索引中可检出。中文义项、搭配和用法提示为工作区编写，不是原题摘录或量化高频排名。	
能源、材料与制造	assembly	n.	零件装配	an assembly line	装配线	https://www.oxfordlearnersdictionaries.com/topic/	话题组织参考 Oxford 公开主题词典；词形在本地 Oxford 3000/5000 索引中可检出。中文义项、搭配和用法提示为工作区编写，不是原题摘录或量化高频排名。	
能源、材料与制造	component	n.	零件；组成部分	replace a faulty component	更换有故障的零件	https://www.oxfordlearnersdictionaries.com/topic/	话题组织参考 Oxford 公开主题词典；词形在本地 Oxford 3000/5000 索引中可检出。中文义项、搭配和用法提示为工作区编写，不是原题摘录或量化高频排名。	
能源、材料与制造	machinery	n.	机器设备的总称，不可数	heavy machinery	重型机械	https://www.oxfordlearnersdictionaries.com/topic/	话题组织参考 Oxford 公开主题词典；词形在本地 Oxford 3000/5000 索引中可检出。中文义项、搭配和用法提示为工作区编写，不是原题摘录或量化高频排名。	
能源、材料与制造	maintenance	n.	维护；保养	carry out routine maintenance	进行例行维护	https://www.oxfordlearnersdictionaries.com/topic/	话题组织参考 Oxford 公开主题词典；词形在本地 Oxford 3000/5000 索引中可检出。中文义项、搭配和用法提示为工作区编写，不是原题摘录或量化高频排名。	
建筑、空间与工程	architecture	n.	建筑设计；建筑风格	modern architecture	现代建筑风格	https://www.oxfordlearnersdictionaries.com/topic/	话题组织参考 Oxford 公开主题词典；词形在本地 Oxford 3000/5000 索引中可检出。中文义项、搭配和用法提示为工作区编写，不是原题摘录或量化高频排名。	
建筑、空间与工程	architect	n.	建筑师	work with an architect	与建筑师合作	https://www.oxfordlearnersdictionaries.com/topic/	话题组织参考 Oxford 公开主题词典；词形在本地 Oxford 3000/5000 索引中可检出。中文义项、搭配和用法提示为工作区编写，不是原题摘录或量化高频排名。	
建筑、空间与工程	construction	n.	建造；施工	a construction site	施工现场	https://www.oxfordlearnersdictionaries.com/topic/	话题组织参考 Oxford 公开主题词典；词形在本地 Oxford 3000/5000 索引中可检出。中文义项、搭配和用法提示为工作区编写，不是原题摘录或量化高频排名。	
建筑、空间与工程	structure	n.	结构；建筑物	a stable structure	稳固的结构	https://www.oxfordlearnersdictionaries.com/topic/	话题组织参考 Oxford 公开主题词典；词形在本地 Oxford 3000/5000 索引中可检出。中文义项、搭配和用法提示为工作区编写，不是原题摘录或量化高频排名。	
建筑、空间与工程	foundation	n.	建筑物的地基；常用复数	lay the foundations	打地基	https://www.oxfordlearnersdictionaries.com/topic/	话题组织参考 Oxford 公开主题词典；词形在本地 Oxford 3000/5000 索引中可检出。中文义项、搭配和用法提示为工作区编写，不是原题摘录或量化高频排名。	
建筑、空间与工程	column	n.	柱子；另有专栏义	supporting columns	支撑柱	https://www.oxfordlearnersdictionaries.com/topic/	话题组织参考 Oxford 公开主题词典；词形在本地 Oxford 3000/5000 索引中可检出。中文义项、搭配和用法提示为工作区编写，不是原题摘录或量化高频排名。	
建筑、空间与工程	beam	n.	梁；另有光束义	a wooden beam	木梁	https://www.oxfordlearnersdictionaries.com/topic/	话题组织参考 Oxford 公开主题词典；词形在本地 Oxford 3000/5000 索引中可检出。中文义项、搭配和用法提示为工作区编写，不是原题摘录或量化高频排名。	
建筑、空间与工程	brick	n.	砖	a red brick wall	红砖墙	https://www.oxfordlearnersdictionaries.com/topic/	话题组织参考 Oxford 公开主题词典；词形在本地 Oxford 3000/5000 索引中可检出。中文义项、搭配和用法提示为工作区编写，不是原题摘录或量化高频排名。	
建筑、空间与工程	cement	n.	水泥	mix cement with water	将水泥与水混合	https://www.oxfordlearnersdictionaries.com/topic/	话题组织参考 Oxford 公开主题词典；相关扩展词，未在本地 Oxford 核心索引中匹配。中文义项、搭配和用法提示为工作区编写，不是原题摘录或量化高频排名。	cement 是水泥；concrete 是混凝土，不能随意互换。
建筑、空间与工程	timber	n.	建筑等使用的木材	a timber frame	木构架	https://www.oxfordlearnersdictionaries.com/topic/	话题组织参考 Oxford 公开主题词典；词形在本地 Oxford 3000/5000 索引中可检出。中文义项、搭配和用法提示为工作区编写，不是原题摘录或量化高频排名。	
建筑、空间与工程	framework	n.	支撑用框架；也指概念框架	a steel framework	钢结构框架	https://www.oxfordlearnersdictionaries.com/topic/	话题组织参考 Oxford 公开主题词典；词形在本地 Oxford 3000/5000 索引中可检出。中文义项、搭配和用法提示为工作区编写，不是原题摘录或量化高频排名。	
建筑、空间与工程	layout	n.	空间的布置	the layout of the building	建筑的内部布局	https://www.oxfordlearnersdictionaries.com/topic/	话题组织参考 Oxford 公开主题词典；词形在本地 Oxford 3000/5000 索引中可检出。中文义项、搭配和用法提示为工作区编写，不是原题摘录或量化高频排名。	
建筑、空间与工程	interior	n.	内部空间	redesign the interior	重新设计室内空间	https://www.oxfordlearnersdictionaries.com/topic/	话题组织参考 Oxford 公开主题词典；词形在本地 Oxford 3000/5000 索引中可检出。中文义项、搭配和用法提示为工作区编写，不是原题摘录或量化高频排名。	
建筑、空间与工程	exterior	n.	外部表面	restore the exterior	修复外观	https://www.oxfordlearnersdictionaries.com/topic/	话题组织参考 Oxford 公开主题词典；相关扩展词，未在本地 Oxford 核心索引中匹配。中文义项、搭配和用法提示为工作区编写，不是原题摘录或量化高频排名。	
建筑、空间与工程	storey	n.	建筑物的楼层，英式拼法	a three-storey building	三层建筑	https://www.oxfordlearnersdictionaries.com/topic/	话题组织参考 Oxford 公开主题词典；相关扩展词，未在本地 Oxford 核心索引中匹配。中文义项、搭配和用法提示为工作区编写，不是原题摘录或量化高频排名。	
建筑、空间与工程	corridor	n.	走廊	a narrow corridor	狭窄的走廊	https://www.oxfordlearnersdictionaries.com/topic/	话题组织参考 Oxford 公开主题词典；词形在本地 Oxford 3000/5000 索引中可检出。中文义项、搭配和用法提示为工作区编写，不是原题摘录或量化高频排名。	
建筑、空间与工程	staircase	n.	整段楼梯及扶手等结构	a spiral staircase	螺旋楼梯	https://www.oxfordlearnersdictionaries.com/topic/	话题组织参考 Oxford 公开主题词典；相关扩展词，未在本地 Oxford 核心索引中匹配。中文义项、搭配和用法提示为工作区编写，不是原题摘录或量化高频排名。	
建筑、空间与工程	ramp	n.	连接不同高度的斜坡	a wheelchair ramp	供轮椅通行的坡道	https://www.oxfordlearnersdictionaries.com/topic/	话题组织参考 Oxford 公开主题词典；相关扩展词，未在本地 Oxford 核心索引中匹配。中文义项、搭配和用法提示为工作区编写，不是原题摘录或量化高频排名。	
建筑、空间与工程	ventilation	n.	通风	improve ventilation	改善通风	https://www.oxfordlearnersdictionaries.com/topic/	话题组织参考 Oxford 公开主题词典；相关扩展词，未在本地 Oxford 核心索引中匹配。中文义项、搭配和用法提示为工作区编写，不是原题摘录或量化高频排名。	
建筑、空间与工程	drainage	n.	排水系统或过程	a drainage system	排水系统	https://www.oxfordlearnersdictionaries.com/topic/	话题组织参考 Oxford 公开主题词典；相关扩展词，未在本地 Oxford 核心索引中匹配。中文义项、搭配和用法提示为工作区编写，不是原题摘录或量化高频排名。	
建筑、空间与工程	sewage	n.	生活等产生的污水	a sewage treatment plant	污水处理厂	https://www.oxfordlearnersdictionaries.com/topic/	话题组织参考 Oxford 公开主题词典；相关扩展词，未在本地 Oxford 核心索引中匹配。中文义项、搭配和用法提示为工作区编写，不是原题摘录或量化高频排名。	
建筑、空间与工程	demolish	v.	拆毁建筑物	demolish an unsafe building	拆除不安全的建筑	https://www.oxfordlearnersdictionaries.com/topic/	话题组织参考 Oxford 公开主题词典；相关扩展词，未在本地 Oxford 核心索引中匹配。中文义项、搭配和用法提示为工作区编写，不是原题摘录或量化高频排名。	
建筑、空间与工程	renovate	v.	翻修；修缮	renovate an old house	翻修旧房	https://www.oxfordlearnersdictionaries.com/topic/	话题组织参考 Oxford 公开主题词典；相关扩展词，未在本地 Oxford 核心索引中匹配。中文义项、搭配和用法提示为工作区编写，不是原题摘录或量化高频排名。	
建筑、空间与工程	restore	v.	修复到原有状态	restore a historic building	修复历史建筑	https://www.oxfordlearnersdictionaries.com/topic/	话题组织参考 Oxford 公开主题词典；词形在本地 Oxford 3000/5000 索引中可检出。中文义项、搭配和用法提示为工作区编写，不是原题摘录或量化高频排名。	
建筑、空间与工程	accessible	adj.	可以到达或使用的	accessible to wheelchair users	轮椅使用者可通行或使用的	https://www.oxfordlearnersdictionaries.com/topic/	话题组织参考 Oxford 公开主题词典；词形在本地 Oxford 3000/5000 索引中可检出。中文义项、搭配和用法提示为工作区编写，不是原题摘录或量化高频排名。	
数量、变化与数据描述	quantity	n.	数量；量	a large quantity of water	大量的水	https://www.oxfordlearnersdictionaries.com/topic/scientific-research	话题组织参考 Oxford 公开主题词典；词形在本地 Oxford 3000/5000 索引中可检出。中文义项、搭配和用法提示为工作区编写，不是原题摘录或量化高频排名。	
数量、变化与数据描述	amount	n.	总量；通常用于不可数名词	the amount of waste produced	产生的废弃物总量	https://www.oxfordlearnersdictionaries.com/topic/scientific-research	话题组织参考 Oxford 公开主题词典；词形在本地 Oxford 3000/5000 索引中可检出。中文义项、搭配和用法提示为工作区编写，不是原题摘录或量化高频排名。	可数事物通常用 number of；例如 the number of students。
数量、变化与数据描述	proportion	n.	部分占整体的比例	a small proportion of the total	占总数的一小部分	https://www.oxfordlearnersdictionaries.com/topic/scientific-research	话题组织参考 Oxford 公开主题词典；词形在本地 Oxford 3000/5000 索引中可检出。中文义项、搭配和用法提示为工作区编写，不是原题摘录或量化高频排名。	
数量、变化与数据描述	percentage	n.	百分比	a higher percentage of respondents	更高比例的受访者	https://www.oxfordlearnersdictionaries.com/topic/scientific-research	话题组织参考 Oxford 公开主题词典；词形在本地 Oxford 3000/5000 索引中可检出。中文义项、搭配和用法提示为工作区编写，不是原题摘录或量化高频排名。	
数量、变化与数据描述	ratio	n.	两个数量之间的比	a ratio of two to one	二比一的比例	https://www.oxfordlearnersdictionaries.com/topic/scientific-research	话题组织参考 Oxford 公开主题词典；词形在本地 Oxford 3000/5000 索引中可检出。中文义项、搭配和用法提示为工作区编写，不是原题摘录或量化高频排名。	
数量、变化与数据描述	fraction	n.	分数；一小部分	a fraction of the cost	原来成本的一小部分	https://www.oxfordlearnersdictionaries.com/topic/scientific-research	话题组织参考 Oxford 公开主题词典；词形在本地 Oxford 3000/5000 索引中可检出。中文义项、搭配和用法提示为工作区编写，不是原题摘录或量化高频排名。	
数量、变化与数据描述	average	n.	平均值；平均水平	above the national average	高于全国平均水平	https://www.oxfordlearnersdictionaries.com/topic/scientific-research	话题组织参考 Oxford 公开主题词典；词形在本地 Oxford 3000/5000 索引中可检出。中文义项、搭配和用法提示为工作区编写，不是原题摘录或量化高频排名。	
数量、变化与数据描述	median	n.	按大小排列后居中的值	the median household income	家庭收入中位数	https://www.oxfordlearnersdictionaries.com/topic/scientific-research	话题组织参考 Oxford 公开主题词典；相关扩展词，未在本地 Oxford 核心索引中匹配。中文义项、搭配和用法提示为工作区编写，不是原题摘录或量化高频排名。	
数量、变化与数据描述	range	n.	数值的范围	within a narrow range	在一个很小的范围内	https://www.oxfordlearnersdictionaries.com/topic/scientific-research	话题组织参考 Oxford 公开主题词典；词形在本地 Oxford 3000/5000 索引中可检出。中文义项、搭配和用法提示为工作区编写，不是原题摘录或量化高频排名。	
数量、变化与数据描述	rate	n.	某事发生的比率或速度	the rate of growth	增长率	https://www.oxfordlearnersdictionaries.com/topic/scientific-research	话题组织参考 Oxford 公开主题词典；词形在本地 Oxford 3000/5000 索引中可检出。中文义项、搭配和用法提示为工作区编写，不是原题摘录或量化高频排名。	
数量、变化与数据描述	frequency	n.	发生的频率	the frequency of bus services	公交发车频率	https://www.oxfordlearnersdictionaries.com/topic/scientific-research	话题组织参考 Oxford 公开主题词典；词形在本地 Oxford 3000/5000 索引中可检出。中文义项、搭配和用法提示为工作区编写，不是原题摘录或量化高频排名。	
数量、变化与数据描述	total	n.	总数；总量	a total of fifty participants	总计五十名参与者	https://www.oxfordlearnersdictionaries.com/topic/scientific-research	话题组织参考 Oxford 公开主题词典；词形在本地 Oxford 3000/5000 索引中可检出。中文义项、搭配和用法提示为工作区编写，不是原题摘录或量化高频排名。	
数量、变化与数据描述	approximately	adv.	大约	approximately one third	大约三分之一	https://www.oxfordlearnersdictionaries.com/topic/scientific-research	话题组织参考 Oxford 公开主题词典；词形在本地 Oxford 3000/5000 索引中可检出。中文义项、搭配和用法提示为工作区编写，不是原题摘录或量化高频排名。	
数量、变化与数据描述	roughly	adv.	粗略地；大约	roughly equal amounts	大致相等的量	https://www.oxfordlearnersdictionaries.com/topic/scientific-research	话题组织参考 Oxford 公开主题词典；词形在本地 Oxford 3000/5000 索引中可检出。中文义项、搭配和用法提示为工作区编写，不是原题摘录或量化高频排名。	
数量、变化与数据描述	double	v.	翻倍	The population doubled.	人口翻了一番。	https://www.oxfordlearnersdictionaries.com/topic/scientific-research	话题组织参考 Oxford 公开主题词典；词形在本地 Oxford 3000/5000 索引中可检出。中文义项、搭配和用法提示为工作区编写，不是原题摘录或量化高频排名。	
数量、变化与数据描述	halve	v.	减半	halve the waiting time	将等待时间减半	https://www.oxfordlearnersdictionaries.com/topic/scientific-research	话题组织参考 Oxford 公开主题词典；相关扩展词，未在本地 Oxford 核心索引中匹配。中文义项、搭配和用法提示为工作区编写，不是原题摘录或量化高频排名。	
数量、变化与数据描述	fluctuate	v.	上下波动	prices fluctuate throughout the year	价格全年有所波动	https://www.oxfordlearnersdictionaries.com/topic/scientific-research	话题组织参考 Oxford 公开主题词典；相关扩展词，未在本地 Oxford 核心索引中匹配。中文义项、搭配和用法提示为工作区编写，不是原题摘录或量化高频排名。	
数量、变化与数据描述	stabilise	v.	变得稳定	demand begins to stabilise	需求开始趋于稳定	https://www.oxfordlearnersdictionaries.com/topic/scientific-research	话题组织参考 Oxford 公开主题词典；相关扩展词，未在本地 Oxford 核心索引中匹配。中文义项、搭配和用法提示为工作区编写，不是原题摘录或量化高频排名。	
数量、变化与数据描述	peak	v.	达到最高值	peak at eighty units	在八十个单位达到峰值	https://www.oxfordlearnersdictionaries.com/topic/scientific-research	话题组织参考 Oxford 公开主题词典；词形在本地 Oxford 3000/5000 索引中可检出。中文义项、搭配和用法提示为工作区编写，不是原题摘录或量化高频排名。	
数量、变化与数据描述	decline	n.	下降	a gradual decline in sales	销售额逐渐下降	https://www.oxfordlearnersdictionaries.com/topic/scientific-research	话题组织参考 Oxford 公开主题词典；词形在本地 Oxford 3000/5000 索引中可检出。中文义项、搭配和用法提示为工作区编写，不是原题摘录或量化高频排名。	
数量、变化与数据描述	surge	n.	急剧上升	a sudden surge in demand	需求突然激增	https://www.oxfordlearnersdictionaries.com/topic/scientific-research	话题组织参考 Oxford 公开主题词典；词形在本地 Oxford 3000/5000 索引中可检出。中文义项、搭配和用法提示为工作区编写，不是原题摘录或量化高频排名。	
数量、变化与数据描述	steady	adj.	持续而稳定的	steady growth	稳定增长	https://www.oxfordlearnersdictionaries.com/topic/scientific-research	话题组织参考 Oxford 公开主题词典；词形在本地 Oxford 3000/5000 索引中可检出。中文义项、搭配和用法提示为工作区编写，不是原题摘录或量化高频排名。	
数量、变化与数据描述	steep	adj.	变化幅度很大的；另有陡峭义	a steep fall in output	产量大幅下降	https://www.oxfordlearnersdictionaries.com/topic/scientific-research	话题组织参考 Oxford 公开主题词典；词形在本地 Oxford 3000/5000 索引中可检出。中文义项、搭配和用法提示为工作区编写，不是原题摘录或量化高频排名。	
数量、变化与数据描述	marginal	adj.	很小的；微弱的	a marginal increase	小幅增长	https://www.oxfordlearnersdictionaries.com/topic/scientific-research	话题组织参考 Oxford 公开主题词典；词形在本地 Oxford 3000/5000 索引中可检出。中文义项、搭配和用法提示为工作区编写，不是原题摘录或量化高频排名。	
数量、变化与数据描述	respectively	adv.	按刚才所述顺序分别地	The figures were 20 and 30, respectively.	所述两者的数值分别为20和30。	https://www.oxfordlearnersdictionaries.com/topic/scientific-research	话题组织参考 Oxford 公开主题词典；词形在本地 Oxford 3000/5000 索引中可检出。中文义项、搭配和用法提示为工作区编写，不是原题摘录或量化高频排名。	必须有明确的对应顺序；不要用来泛指各自或分别做某事。
商业组织与项目合作	enterprise	n.	企业；也可指有难度的事业	a small business enterprise	一家小型企业	https://www.oxfordlearnersdictionaries.com/topic/	话题组织参考 Oxford 公开主题词典；词形在本地 Oxford 3000/5000 索引中可检出。中文义项、搭配和用法提示为工作区编写，不是原题摘录或量化高频排名。	
商业组织与项目合作	organisation	n.	组织；机构	a non-profit organisation	非营利组织	https://www.oxfordlearnersdictionaries.com/topic/	话题组织参考 Oxford 公开主题词典；相关扩展词，未在本地 Oxford 核心索引中匹配。中文义项、搭配和用法提示为工作区编写，不是原题摘录或量化高频排名。	
商业组织与项目合作	partnership	n.	合作关系；合伙	form a partnership	建立合作关系	https://www.oxfordlearnersdictionaries.com/topic/	话题组织参考 Oxford 公开主题词典；词形在本地 Oxford 3000/5000 索引中可检出。中文义项、搭配和用法提示为工作区编写，不是原题摘录或量化高频排名。	
商业组织与项目合作	stakeholder	n.	会影响项目或受其影响的一方	consult key stakeholders	征询主要利益相关方	https://www.oxfordlearnersdictionaries.com/topic/	话题组织参考 Oxford 公开主题词典；相关扩展词，未在本地 Oxford 核心索引中匹配。中文义项、搭配和用法提示为工作区编写，不是原题摘录或量化高频排名。	
商业组织与项目合作	shareholder	n.	股东	a meeting of shareholders	股东会议	https://www.oxfordlearnersdictionaries.com/topic/	话题组织参考 Oxford 公开主题词典；词形在本地 Oxford 3000/5000 索引中可检出。中文义项、搭配和用法提示为工作区编写，不是原题摘录或量化高频排名。	
商业组织与项目合作	supplier	n.	供应商	choose a reliable supplier	选择可靠的供应商	https://www.oxfordlearnersdictionaries.com/topic/	话题组织参考 Oxford 公开主题词典；相关扩展词，未在本地 Oxford 核心索引中匹配。中文义项、搭配和用法提示为工作区编写，不是原题摘录或量化高频排名。	
商业组织与项目合作	client	n.	接受专业服务的客户	meet a prospective client	会见潜在客户	https://www.oxfordlearnersdictionaries.com/topic/	话题组织参考 Oxford 公开主题词典；词形在本地 Oxford 3000/5000 索引中可检出。中文义项、搭配和用法提示为工作区编写，不是原题摘录或量化高频排名。	
商业组织与项目合作	revenue	n.	收入；营业收入	generate additional revenue	创造额外收入	https://www.oxfordlearnersdictionaries.com/topic/	话题组织参考 Oxford 公开主题词典；词形在本地 Oxford 3000/5000 索引中可检出。中文义项、搭配和用法提示为工作区编写，不是原题摘录或量化高频排名。	revenue 通常是扣除成本前的收入；profit 是利润。
商业组织与项目合作	profit	n.	利润	make a small profit	获得少量利润	https://www.oxfordlearnersdictionaries.com/topic/	话题组织参考 Oxford 公开主题词典；词形在本地 Oxford 3000/5000 索引中可检出。中文义项、搭配和用法提示为工作区编写，不是原题摘录或量化高频排名。	
商业组织与项目合作	expense	n.	开支；费用	reduce operating expenses	削减运营费用	https://www.oxfordlearnersdictionaries.com/topic/	话题组织参考 Oxford 公开主题词典；词形在本地 Oxford 3000/5000 索引中可检出。中文义项、搭配和用法提示为工作区编写，不是原题摘录或量化高频排名。	
商业组织与项目合作	investment	n.	投资；投入	a long-term investment	长期投资	https://www.oxfordlearnersdictionaries.com/topic/	话题组织参考 Oxford 公开主题词典；词形在本地 Oxford 3000/5000 索引中可检出。中文义项、搭配和用法提示为工作区编写，不是原题摘录或量化高频排名。	
商业组织与项目合作	asset	n.	资产；有用的资源	protect the company's assets	保护公司资产	https://www.oxfordlearnersdictionaries.com/topic/	话题组织参考 Oxford 公开主题词典；词形在本地 Oxford 3000/5000 索引中可检出。中文义项、搭配和用法提示为工作区编写，不是原题摘录或量化高频排名。	
商业组织与项目合作	debt	n.	欠款；债务	repay a debt	偿还债务	https://www.oxfordlearnersdictionaries.com/topic/	话题组织参考 Oxford 公开主题词典；词形在本地 Oxford 3000/5000 索引中可检出。中文义项、搭配和用法提示为工作区编写，不是原题摘录或量化高频排名。	
商业组织与项目合作	strategy	n.	实现目标的整体策略	develop a marketing strategy	制定营销策略	https://www.oxfordlearnersdictionaries.com/topic/	话题组织参考 Oxford 公开主题词典；词形在本地 Oxford 3000/5000 索引中可检出。中文义项、搭配和用法提示为工作区编写，不是原题摘录或量化高频排名。	
商业组织与项目合作	objective	n.	具体目标	set clear objectives	设定明确目标	https://www.oxfordlearnersdictionaries.com/topic/	话题组织参考 Oxford 公开主题词典；词形在本地 Oxford 3000/5000 索引中可检出。中文义项、搭配和用法提示为工作区编写，不是原题摘录或量化高频排名。	
商业组织与项目合作	priority	n.	优先处理的事项	make safety a priority	优先考虑安全	https://www.oxfordlearnersdictionaries.com/topic/	话题组织参考 Oxford 公开主题词典；词形在本地 Oxford 3000/5000 索引中可检出。中文义项、搭配和用法提示为工作区编写，不是原题摘录或量化高频排名。	
商业组织与项目合作	milestone	n.	项目中的重要阶段或事件	reach a project milestone	达到项目的重要阶段	https://www.oxfordlearnersdictionaries.com/topic/	话题组织参考 Oxford 公开主题词典；相关扩展词，未在本地 Oxford 核心索引中匹配。中文义项、搭配和用法提示为工作区编写，不是原题摘录或量化高频排名。	
商业组织与项目合作	scope	n.	涉及的范围	define the scope of the project	界定项目范围	https://www.oxfordlearnersdictionaries.com/topic/	话题组织参考 Oxford 公开主题词典；词形在本地 Oxford 3000/5000 索引中可检出。中文义项、搭配和用法提示为工作区编写，不是原题摘录或量化高频排名。	
商业组织与项目合作	feasible	adj.	切实可行的	a feasible solution	可行的解决办法	https://www.oxfordlearnersdictionaries.com/topic/	话题组织参考 Oxford 公开主题词典；相关扩展词，未在本地 Oxford 核心索引中匹配。中文义项、搭配和用法提示为工作区编写，不是原题摘录或量化高频排名。	
商业组织与项目合作	negotiate	v.	谈判；协商	negotiate the terms of a contract	协商合同条款	https://www.oxfordlearnersdictionaries.com/topic/	话题组织参考 Oxford 公开主题词典；词形在本地 Oxford 3000/5000 索引中可检出。中文义项、搭配和用法提示为工作区编写，不是原题摘录或量化高频排名。	
商业组织与项目合作	coordinate	v.	协调	coordinate several teams	协调多个团队	https://www.oxfordlearnersdictionaries.com/topic/	话题组织参考 Oxford 公开主题词典；词形在本地 Oxford 3000/5000 索引中可检出。中文义项、搭配和用法提示为工作区编写，不是原题摘录或量化高频排名。	
商业组织与项目合作	delegate	v.	把任务或权力交给他人	delegate tasks to team members	把任务交给团队成员	https://www.oxfordlearnersdictionaries.com/topic/	话题组织参考 Oxford 公开主题词典；词形在本地 Oxford 3000/5000 索引中可检出。中文义项、搭配和用法提示为工作区编写，不是原题摘录或量化高频排名。	
商业组织与项目合作	implement	v.	实施；落实	implement the agreed plan	实施商定的计划	https://www.oxfordlearnersdictionaries.com/topic/	话题组织参考 Oxford 公开主题词典；词形在本地 Oxford 3000/5000 索引中可检出。中文义项、搭配和用法提示为工作区编写，不是原题摘录或量化高频排名。	
商业组织与项目合作	monitor	v.	持续监测；跟踪	monitor progress regularly	定期跟踪进展	https://www.oxfordlearnersdictionaries.com/topic/	话题组织参考 Oxford 公开主题词典；词形在本地 Oxford 3000/5000 索引中可检出。中文义项、搭配和用法提示为工作区编写，不是原题摘录或量化高频排名。	
商业组织与项目合作	evaluate	v.	评价；评估	evaluate the outcome	评估结果	https://www.oxfordlearnersdictionaries.com/topic/	话题组织参考 Oxford 公开主题词典；词形在本地 Oxford 3000/5000 索引中可检出。中文义项、搭配和用法提示为工作区编写，不是原题摘录或量化高频排名。	
历史、考古与文化遗产	history	n.	历史；对过去的研究	study local history	研究地方历史	https://www.oxfordlearnersdictionaries.com/us/topic/category/politics-and-society	话题组织参考 Oxford 公开主题词典；词形在本地 Oxford 3000/5000 索引中可检出。中文义项、搭配和用法提示为工作区编写，不是原题摘录或量化高频排名。	
历史、考古与文化遗产	historian	n.	历史学家	a social historian	社会史研究者	https://www.oxfordlearnersdictionaries.com/us/topic/category/politics-and-society	话题组织参考 Oxford 公开主题词典；词形在本地 Oxford 3000/5000 索引中可检出。中文义项、搭配和用法提示为工作区编写，不是原题摘录或量化高频排名。	
历史、考古与文化遗产	archaeology	n.	考古学	a degree in archaeology	考古学学位	https://www.oxfordlearnersdictionaries.com/us/topic/category/politics-and-society	话题组织参考 Oxford 公开主题词典；相关扩展词，未在本地 Oxford 核心索引中匹配。中文义项、搭配和用法提示为工作区编写，不是原题摘录或量化高频排名。	
历史、考古与文化遗产	civilisation	n.	文明；文明社会	an ancient civilisation	古代文明	https://www.oxfordlearnersdictionaries.com/us/topic/category/politics-and-society	话题组织参考 Oxford 公开主题词典；相关扩展词，未在本地 Oxford 核心索引中匹配。中文义项、搭配和用法提示为工作区编写，不是原题摘录或量化高频排名。	
历史、考古与文化遗产	era	n.	具有特征的历史时期	the beginning of a new era	新时代的开端	https://www.oxfordlearnersdictionaries.com/us/topic/category/politics-and-society	话题组织参考 Oxford 公开主题词典；词形在本地 Oxford 3000/5000 索引中可检出。中文义项、搭配和用法提示为工作区编写，不是原题摘录或量化高频排名。	
历史、考古与文化遗产	century	n.	一百年；世纪	the nineteenth century	十九世纪	https://www.oxfordlearnersdictionaries.com/us/topic/category/politics-and-society	话题组织参考 Oxford 公开主题词典；词形在本地 Oxford 3000/5000 索引中可检出。中文义项、搭配和用法提示为工作区编写，不是原题摘录或量化高频排名。	
历史、考古与文化遗产	decade	n.	十年	over the past decade	在过去十年中	https://www.oxfordlearnersdictionaries.com/us/topic/category/politics-and-society	话题组织参考 Oxford 公开主题词典；词形在本地 Oxford 3000/5000 索引中可检出。中文义项、搭配和用法提示为工作区编写，不是原题摘录或量化高频排名。	
历史、考古与文化遗产	ancient	adj.	古代的；很古老的	ancient ruins	古代遗址	https://www.oxfordlearnersdictionaries.com/us/topic/category/politics-and-society	话题组织参考 Oxford 公开主题词典；词形在本地 Oxford 3000/5000 索引中可检出。中文义项、搭配和用法提示为工作区编写，不是原题摘录或量化高频排名。	
历史、考古与文化遗产	medieval	adj.	中世纪的	a medieval castle	中世纪城堡	https://www.oxfordlearnersdictionaries.com/us/topic/category/politics-and-society	话题组织参考 Oxford 公开主题词典；词形在本地 Oxford 3000/5000 索引中可检出。中文义项、搭配和用法提示为工作区编写，不是原题摘录或量化高频排名。	
历史、考古与文化遗产	heritage	n.	传承下来的文化或自然遗产	preserve cultural heritage	保护文化遗产	https://www.oxfordlearnersdictionaries.com/us/topic/category/politics-and-society	话题组织参考 Oxford 公开主题词典；词形在本地 Oxford 3000/5000 索引中可检出。中文义项、搭配和用法提示为工作区编写，不是原题摘录或量化高频排名。	
历史、考古与文化遗产	tradition	n.	传统	pass on a family tradition	传承家庭传统	https://www.oxfordlearnersdictionaries.com/us/topic/category/politics-and-society	话题组织参考 Oxford 公开主题词典；词形在本地 Oxford 3000/5000 索引中可检出。中文义项、搭配和用法提示为工作区编写，不是原题摘录或量化高频排名。	
历史、考古与文化遗产	ritual	n.	仪式；固定程式	a religious ritual	宗教仪式	https://www.oxfordlearnersdictionaries.com/us/topic/category/politics-and-society	话题组织参考 Oxford 公开主题词典；词形在本地 Oxford 3000/5000 索引中可检出。中文义项、搭配和用法提示为工作区编写，不是原题摘录或量化高频排名。	
历史、考古与文化遗产	artefact	n.	人类制作的有历史或文化价值的物品	an archaeological artefact	考古文物	https://www.oxfordlearnersdictionaries.com/us/topic/category/politics-and-society	话题组织参考 Oxford 公开主题词典；相关扩展词，未在本地 Oxford 核心索引中匹配。中文义项、搭配和用法提示为工作区编写，不是原题摘录或量化高频排名。	
历史、考古与文化遗产	relic	n.	过去遗留的物品或遗迹	a relic of the past	过去时代的遗存	https://www.oxfordlearnersdictionaries.com/us/topic/category/politics-and-society	话题组织参考 Oxford 公开主题词典；相关扩展词，未在本地 Oxford 核心索引中匹配。中文义项、搭配和用法提示为工作区编写，不是原题摘录或量化高频排名。	
历史、考古与文化遗产	excavate	v.	挖掘；发掘	excavate an ancient settlement	发掘古代聚落	https://www.oxfordlearnersdictionaries.com/us/topic/category/politics-and-society	话题组织参考 Oxford 公开主题词典；相关扩展词，未在本地 Oxford 核心索引中匹配。中文义项、搭配和用法提示为工作区编写，不是原题摘录或量化高频排名。	
历史、考古与文化遗产	settlement	n.	人类聚居地；另有解决争议义	an early coastal settlement	早期沿海聚落	https://www.oxfordlearnersdictionaries.com/us/topic/category/politics-and-society	话题组织参考 Oxford 公开主题词典；词形在本地 Oxford 3000/5000 索引中可检出。中文义项、搭配和用法提示为工作区编写，不是原题摘录或量化高频排名。	
历史、考古与文化遗产	ruin	n.	建筑遗迹；常用复数	the ruins of a temple	寺庙遗迹	https://www.oxfordlearnersdictionaries.com/us/topic/category/politics-and-society	话题组织参考 Oxford 公开主题词典；词形在本地 Oxford 3000/5000 索引中可检出。中文义项、搭配和用法提示为工作区编写，不是原题摘录或量化高频排名。	
历史、考古与文化遗产	inscription	n.	刻在物体上的文字	an inscription on a stone tablet	石碑上的铭文	https://www.oxfordlearnersdictionaries.com/us/topic/category/politics-and-society	话题组织参考 Oxford 公开主题词典；相关扩展词，未在本地 Oxford 核心索引中匹配。中文义项、搭配和用法提示为工作区编写，不是原题摘录或量化高频排名。	
历史、考古与文化遗产	manuscript	n.	手稿；未出版的文稿	a handwritten manuscript	手写稿件	https://www.oxfordlearnersdictionaries.com/us/topic/category/politics-and-society	话题组织参考 Oxford 公开主题词典；词形在本地 Oxford 3000/5000 索引中可检出。中文义项、搭配和用法提示为工作区编写，不是原题摘录或量化高频排名。	
历史、考古与文化遗产	archive	n.	档案；档案馆	consult historical archives	查阅历史档案	https://www.oxfordlearnersdictionaries.com/us/topic/category/politics-and-society	话题组织参考 Oxford 公开主题词典；词形在本地 Oxford 3000/5000 索引中可检出。中文义项、搭配和用法提示为工作区编写，不是原题摘录或量化高频排名。	
历史、考古与文化遗产	chronology	n.	事件的时间顺序	establish a chronology of events	确定事件发生的先后顺序	https://www.oxfordlearnersdictionaries.com/us/topic/category/politics-and-society	话题组织参考 Oxford 公开主题词典；相关扩展词，未在本地 Oxford 核心索引中匹配。中文义项、搭配和用法提示为工作区编写，不是原题摘录或量化高频排名。	
历史、考古与文化遗产	date back to	phr. v.	追溯至某一时期	The building dates back to 1850.	这座建筑始建于1850年。	https://www.oxfordlearnersdictionaries.com/us/topic/category/politics-and-society	话题组织参考 Oxford 公开主题词典；相关扩展词，未在本地 Oxford 核心索引中匹配。中文义项、搭配和用法提示为工作区编写，不是原题摘录或量化高频排名。	
历史、考古与文化遗产	preserve	v.	保护；保存	preserve historic documents	保存历史文献	https://www.oxfordlearnersdictionaries.com/us/topic/category/politics-and-society	话题组织参考 Oxford 公开主题词典；词形在本地 Oxford 3000/5000 索引中可检出。中文义项、搭配和用法提示为工作区编写，不是原题摘录或量化高频排名。	
历史、考古与文化遗产	legacy	n.	前人或过去事件留下的影响与成果	the legacy of industrialisation	工业化留下的影响	https://www.oxfordlearnersdictionaries.com/us/topic/category/politics-and-society	话题组织参考 Oxford 公开主题词典；词形在本地 Oxford 3000/5000 索引中可检出。中文义项、搭配和用法提示为工作区编写，不是原题摘录或量化高频排名。	
历史、考古与文化遗产	descendant	n.	后代；后裔	a descendant of the original settlers	最初定居者的后代	https://www.oxfordlearnersdictionaries.com/us/topic/category/politics-and-society	话题组织参考 Oxford 公开主题词典；相关扩展词，未在本地 Oxford 核心索引中匹配。中文义项、搭配和用法提示为工作区编写，不是原题摘录或量化高频排名。	
理解、推理与观点组织	concept	n.	概念	grasp a difficult concept	理解一个困难概念	https://www.oxfordlearnersdictionaries.com/topic/scientific-research	话题组织参考 Oxford 公开主题词典；词形在本地 Oxford 3000/5000 索引中可检出。中文义项、搭配和用法提示为工作区编写，不是原题摘录或量化高频排名。	
理解、推理与观点组织	principle	n.	基本原理；原则	a basic scientific principle	一条基本科学原理	https://www.oxfordlearnersdictionaries.com/topic/scientific-research	话题组织参考 Oxford 公开主题词典；词形在本地 Oxford 3000/5000 索引中可检出。中文义项、搭配和用法提示为工作区编写，不是原题摘录或量化高频排名。	
理解、推理与观点组织	theory	n.	解释现象的理论	develop a new theory	提出新的理论	https://www.oxfordlearnersdictionaries.com/topic/scientific-research	话题组织参考 Oxford 公开主题词典；词形在本地 Oxford 3000/5000 索引中可检出。中文义项、搭配和用法提示为工作区编写，不是原题摘录或量化高频排名。	
理解、推理与观点组织	assumption	n.	未经证明而先行接受的假定	question an underlying assumption	质疑潜在假定	https://www.oxfordlearnersdictionaries.com/topic/scientific-research	话题组织参考 Oxford 公开主题词典；词形在本地 Oxford 3000/5000 索引中可检出。中文义项、搭配和用法提示为工作区编写，不是原题摘录或量化高频排名。	
理解、推理与观点组织	premise	n.	推理或论证的前提	a false premise	错误的前提	https://www.oxfordlearnersdictionaries.com/topic/scientific-research	话题组织参考 Oxford 公开主题词典；词形在本地 Oxford 3000/5000 索引中可检出。中文义项、搭配和用法提示为工作区编写，不是原题摘录或量化高频排名。	
理解、推理与观点组织	inference	n.	根据已有信息得出的推断	draw an inference from the evidence	根据证据作出推断	https://www.oxfordlearnersdictionaries.com/topic/scientific-research	话题组织参考 Oxford 公开主题词典；相关扩展词，未在本地 Oxford 核心索引中匹配。中文义项、搭配和用法提示为工作区编写，不是原题摘录或量化高频排名。	
理解、推理与观点组织	implication	n.	可能产生的影响；隐含意义	the practical implications of the decision	决定可能产生的实际影响	https://www.oxfordlearnersdictionaries.com/topic/scientific-research	话题组织参考 Oxford 公开主题词典；词形在本地 Oxford 3000/5000 索引中可检出。中文义项、搭配和用法提示为工作区编写，不是原题摘录或量化高频排名。	
理解、推理与观点组织	interpretation	n.	对意义的理解或解释	a different interpretation of the text	对文本的另一种理解	https://www.oxfordlearnersdictionaries.com/topic/scientific-research	话题组织参考 Oxford 公开主题词典；词形在本地 Oxford 3000/5000 索引中可检出。中文义项、搭配和用法提示为工作区编写，不是原题摘录或量化高频排名。	
理解、推理与观点组织	perspective	n.	看待问题的角度	consider another perspective	考虑另一种视角	https://www.oxfordlearnersdictionaries.com/topic/scientific-research	话题组织参考 Oxford 公开主题词典；词形在本地 Oxford 3000/5000 索引中可检出。中文义项、搭配和用法提示为工作区编写，不是原题摘录或量化高频排名。	
理解、推理与观点组织	distinction	n.	差异；区分	draw a distinction between two ideas	区分两个观点	https://www.oxfordlearnersdictionaries.com/topic/scientific-research	话题组织参考 Oxford 公开主题词典；词形在本地 Oxford 3000/5000 索引中可检出。中文义项、搭配和用法提示为工作区编写，不是原题摘录或量化高频排名。	
理解、推理与观点组织	comparison	n.	比较	make a fair comparison	进行公平的比较	https://www.oxfordlearnersdictionaries.com/topic/scientific-research	话题组织参考 Oxford 公开主题词典；词形在本地 Oxford 3000/5000 索引中可检出。中文义项、搭配和用法提示为工作区编写，不是原题摘录或量化高频排名。	
理解、推理与观点组织	contrast	n.	明显差别；对比	a sharp contrast between the two cases	两个案例之间的鲜明对比	https://www.oxfordlearnersdictionaries.com/topic/scientific-research	话题组织参考 Oxford 公开主题词典；词形在本地 Oxford 3000/5000 索引中可检出。中文义项、搭配和用法提示为工作区编写，不是原题摘录或量化高频排名。	
理解、推理与观点组织	analogy	n.	用某些相似之处作类比	draw an analogy with another situation	与另一种情形作类比	https://www.oxfordlearnersdictionaries.com/topic/scientific-research	话题组织参考 Oxford 公开主题词典；词形在本地 Oxford 3000/5000 索引中可检出。中文义项、搭配和用法提示为工作区编写，不是原题摘录或量化高频排名。	
理解、推理与观点组织	criterion	n.	判断或选择的标准	meet the selection criteria	符合遴选标准	https://www.oxfordlearnersdictionaries.com/topic/scientific-research	话题组织参考 Oxford 公开主题词典；词形在本地 Oxford 3000/5000 索引中可检出。中文义项、搭配和用法提示为工作区编写，不是原题摘录或量化高频排名。	criterion 是单数，criteria 是复数。
理解、推理与观点组织	relevant	adj.	与所讨论问题相关的	relevant to the question	与问题相关	https://www.oxfordlearnersdictionaries.com/topic/scientific-research	话题组织参考 Oxford 公开主题词典；词形在本地 Oxford 3000/5000 索引中可检出。中文义项、搭配和用法提示为工作区编写，不是原题摘录或量化高频排名。	
理解、推理与观点组织	coherent	adj.	各部分有条理且相互衔接的	a coherent explanation	条理清楚的解释	https://www.oxfordlearnersdictionaries.com/topic/scientific-research	话题组织参考 Oxford 公开主题词典；相关扩展词，未在本地 Oxford 核心索引中匹配。中文义项、搭配和用法提示为工作区编写，不是原题摘录或量化高频排名。	
理解、推理与观点组织	plausible	adj.	看似有道理或可能真实的	a plausible explanation	一种看似合理的解释	https://www.oxfordlearnersdictionaries.com/topic/scientific-research	话题组织参考 Oxford 公开主题词典；相关扩展词，未在本地 Oxford 核心索引中匹配。中文义项、搭配和用法提示为工作区编写，不是原题摘录或量化高频排名。	表示听起来说得通，不表示已得到证明。
理解、推理与观点组织	ambiguous	adj.	有不止一种解释的；含糊的	an ambiguous statement	含义不明确的陈述	https://www.oxfordlearnersdictionaries.com/topic/scientific-research	话题组织参考 Oxford 公开主题词典；相关扩展词，未在本地 Oxford 核心索引中匹配。中文义项、搭配和用法提示为工作区编写，不是原题摘录或量化高频排名。	
理解、推理与观点组织	explicit	adj.	明确说出的	give explicit instructions	给出明确指令	https://www.oxfordlearnersdictionaries.com/topic/scientific-research	话题组织参考 Oxford 公开主题词典；词形在本地 Oxford 3000/5000 索引中可检出。中文义项、搭配和用法提示为工作区编写，不是原题摘录或量化高频排名。	
理解、推理与观点组织	implicit	adj.	未直接说出但可以理解的	an implicit assumption	隐含的假定	https://www.oxfordlearnersdictionaries.com/topic/scientific-research	话题组织参考 Oxford 公开主题词典；相关扩展词，未在本地 Oxford 核心索引中匹配。中文义项、搭配和用法提示为工作区编写，不是原题摘录或量化高频排名。	
理解、推理与观点组织	infer	v.	从信息中推断	infer meaning from context	根据语境推断意思	https://www.oxfordlearnersdictionaries.com/topic/scientific-research	话题组织参考 Oxford 公开主题词典；词形在本地 Oxford 3000/5000 索引中可检出。中文义项、搭配和用法提示为工作区编写，不是原题摘录或量化高频排名。	读者 infer 得出推断；说话者或证据 imply 暗示某意。
理解、推理与观点组织	imply	v.	暗示；意味着	imply that a change is needed	暗示需要改变	https://www.oxfordlearnersdictionaries.com/topic/scientific-research	话题组织参考 Oxford 公开主题词典；词形在本地 Oxford 3000/5000 索引中可检出。中文义项、搭配和用法提示为工作区编写，不是原题摘录或量化高频排名。	
理解、推理与观点组织	justify	v.	给出充分理由	justify a decision	说明某决定的理由	https://www.oxfordlearnersdictionaries.com/topic/scientific-research	话题组织参考 Oxford 公开主题词典；词形在本地 Oxford 3000/5000 索引中可检出。中文义项、搭配和用法提示为工作区编写，不是原题摘录或量化高频排名。	
理解、推理与观点组织	qualify	v.	此处指对说法加以限定	qualify an earlier claim	对先前说法加以限定	https://www.oxfordlearnersdictionaries.com/topic/scientific-research	话题组织参考 Oxford 公开主题词典；词形在本地 Oxford 3000/5000 索引中可检出。中文义项、搭配和用法提示为工作区编写，不是原题摘录或量化高频排名。	另有具备资格义；这里是限制论断适用范围。
理解、推理与观点组织	counterargument	n.	反对某个论点的论证	address a counterargument	回应反方论点	https://www.oxfordlearnersdictionaries.com/topic/scientific-research	话题组织参考 Oxford 公开主题词典；相关扩展词，未在本地 Oxford 核心索引中匹配。中文义项、搭配和用法提示为工作区编写，不是原题摘录或量化高频排名。	